src/LiteBus.Analyzers/CommandWithResultScheduledToInboxAnalyzer.cs	public	class	CommandWithResultScheduledToInboxAnalyzer
src/LiteBus.Analyzers/DiagnosticDescriptors.cs	public	class	DiagnosticDescriptors
src/LiteBus.Analyzers/DiagnosticIds.cs	internal	class	DiagnosticIds
src/LiteBus.Analyzers/DuplicateCommandHandlerAnalyzer.cs	public	class	DuplicateCommandHandlerAnalyzer
src/LiteBus.Analyzers/DuplicateHandlerAcrossAssembliesAnalyzer.cs	public	class	DuplicateHandlerAcrossAssembliesAnalyzer
src/LiteBus.Analyzers/DuplicateQueryHandlerAnalyzer.cs	public	class	DuplicateQueryHandlerAnalyzer
src/LiteBus.Analyzers/ExplicitMessageContractRegistrationAnalyzer.cs	public	class	ExplicitMessageContractRegistrationAnalyzer
src/LiteBus.Analyzers/MissingAuditDeclarationAnalyzer.cs	public	class	MissingAuditDeclarationAnalyzer
src/LiteBus.Analyzers/MissingCommandHandlerAnalyzer.cs	public	class	MissingCommandHandlerAnalyzer
src/LiteBus.Analyzers/MissingMessageContractRegistrationAnalyzer.cs	public	class	MissingMessageContractRegistrationAnalyzer
src/LiteBus.Analyzers/MissingQueryHandlerAnalyzer.cs	public	class	MissingQueryHandlerAnalyzer
src/LiteBus.Analyzers/OrphanHandlerTagAnalyzer.cs	public	class	OrphanHandlerTagAnalyzer
src/LiteBus.Analyzers/ProcessorEnabledWithoutDispatcherAnalyzer.cs	public	class	ProcessorEnabledWithoutDispatcherAnalyzer
src/LiteBus.Analyzers/QueryHandlerImpurityAnalyzer.cs	public	class	QueryHandlerImpurityAnalyzer
src/LiteBus.Analyzers/TransactionalInboxWithoutDbContextAnalyzer.cs	public	class	TransactionalInboxWithoutDbContextAnalyzer
src/LiteBus.Analyzers/TransactionalOutboxWithoutDbContextAnalyzer.cs	public	class	TransactionalOutboxWithoutDbContextAnalyzer
src/LiteBus.Analyzers/TransactionalStorageWithoutInterceptorAnalyzer.cs	public	class	TransactionalStorageWithoutInterceptorAnalyzer
src/LiteBus.Analyzers/UnsupportedOpenGenericHandlerAnalyzer.cs	public	class	UnsupportedOpenGenericHandlerAnalyzer
src/LiteBus.Analyzers/UntypedShortcutOnResultMessageAnalyzer.cs	public	class	UntypedShortcutOnResultMessageAnalyzer
src/LiteBus.Analyzers/Analysis/ContractRegistrationAnalysis.cs	internal	class	ContractRegistrationAnalysis
src/LiteBus.Analyzers/Analysis/HandlerAnalysis.cs	internal	class	HandlerAnalysis
src/LiteBus.Analyzers/Analysis/HandlerRegistration.cs	internal	class	HandlerRegistration
src/LiteBus.Analyzers/Analysis/LiteBusSymbols.cs	internal	class	LiteBusSymbols
src/LiteBus.Analyzers/Analysis/MessageAnalysis.cs	internal	class	MessageAnalysis
src/LiteBus.Analyzers/Analysis/MessageKind.cs	internal	enum	MessageKind
src/LiteBus.Analyzers/Analysis/MessageTypeRegistration.cs	internal	class	MessageTypeRegistration
src/LiteBus.Analyzers/Analysis/ModuleConfigurationAnalysis.cs	internal	class	ModuleConfigurationAnalysis
src/LiteBus.Analyzers/Analysis/TagReferenceAnalysis.cs	internal	class	TagReferenceAnalysis
src/LiteBus.Commands/CommandAuditCompletionHandler.cs	internal	class	CommandAuditCompletionHandler
src/LiteBus.Commands/CommandMediator.cs	public	class	CommandMediator
src/LiteBus.Commands/CommandModule.cs	public	class	CommandModule
src/LiteBus.Commands/CommandModuleBuilder.cs	public	class	CommandModuleBuilder
src/LiteBus.Commands/ModuleRegistryExtensions.cs	public	class	ModuleRegistryExtensions
src/LiteBus.Commands.Abstractions/CommandMediationSettings.cs	public	class	CommandMediationSettings
src/LiteBus.Commands.Abstractions/CommandRoutingSettings.cs	public	class	CommandRoutingSettings
src/LiteBus.Commands.Abstractions/ICommand.cs	public	interface	ICommand
src/LiteBus.Commands.Abstractions/ICommandCompletionHandler.cs	public	interface	ICommandCompletionHandler
src/LiteBus.Commands.Abstractions/ICommandCompletionHandler[TCommand, TCommandResult].cs	public	interface	ICommandCompletionHandler<TCommand, TCommandResult>
src/LiteBus.Commands.Abstractions/ICommandCompletionHandler[TCommand].cs	public	interface	ICommandCompletionHandler<TCommand>
src/LiteBus.Commands.Abstractions/ICommandErrorHandler.cs	public	interface	ICommandErrorHandler
src/LiteBus.Commands.Abstractions/ICommandErrorHandler[TCommand, TCommandResult].cs	public	interface	ICommandErrorHandler<TCommand, TCommandResult>
src/LiteBus.Commands.Abstractions/ICommandErrorHandler[TCommand].cs	public	interface	ICommandErrorHandler<TCommand>
src/LiteBus.Commands.Abstractions/ICommandGuard[TCommand].cs	public	interface	ICommandGuard<in TCommand>
src/LiteBus.Commands.Abstractions/ICommandHandler[TCommand, TCommandResult].cs	public	interface	ICommandHandler<in TCommand, TCommandResult>
src/LiteBus.Commands.Abstractions/ICommandHandler[TCommand].cs	public	interface	ICommandHandler<in TCommand>
src/LiteBus.Commands.Abstractions/ICommandMediator.cs	public	interface	ICommandMediator
src/LiteBus.Commands.Abstractions/ICommandPostHandler.cs	public	interface	ICommandPostHandler
src/LiteBus.Commands.Abstractions/ICommandPostHandler[TCommand, TCommandResult].cs	public	interface	ICommandPostHandler<in TCommand, in TCommandResult>
src/LiteBus.Commands.Abstractions/ICommandPostHandler[TCommand].cs	public	interface	ICommandPostHandler<in TCommand>
src/LiteBus.Commands.Abstractions/ICommandPreHandler.cs	public	interface	ICommandPreHandler
src/LiteBus.Commands.Abstractions/ICommandPreHandler[TCommand].cs	public	interface	ICommandPreHandler<in TCommand>
src/LiteBus.Commands.Abstractions/ICommandRefusalMapper[TCommand, TCommandResult].cs	public	interface	ICommandRefusalMapper<in TCommand, out TCommandResult>
src/LiteBus.Commands.Abstractions/ICommandShortcut[TCommand, TCommandResult].cs	public	interface	ICommandShortcut<in TCommand, TCommandResult>
src/LiteBus.Commands.Abstractions/ICommandShortcut[TCommand].cs	public	interface	ICommandShortcut<in TCommand>
src/LiteBus.Commands.Abstractions/ICommandValidator[TCommand].cs	public	interface	ICommandValidator<in TCommand>
src/LiteBus.Commands.Abstractions/ICommand[TCommandResult].cs	public	interface	ICommand<TCommandResult>
src/LiteBus.Commands.Abstractions/Extensions/CommandMediatorExtensions.cs	public	class	CommandMediatorExtensions
src/LiteBus.DurableMessaging.Abstractions/IContextualPayloadEncryptor.cs	public	interface	IContextualPayloadEncryptor
src/LiteBus.DurableMessaging.Abstractions/IMessageStoreRetentionOptions.cs	public	interface	IMessageStoreRetentionOptions
src/LiteBus.DurableMessaging.Abstractions/IPayloadEncryptor.cs	public	interface	IPayloadEncryptor
src/LiteBus.DurableMessaging.Abstractions/MessageProcessorDiagnostics.cs	public	class	MessageProcessorDiagnostics
src/LiteBus.DurableMessaging.Abstractions/MessageTraceContextKeys.cs	public	class	MessageTraceContextKeys
src/LiteBus.DurableMessaging.Abstractions/PayloadProtectionContext.cs	public	record	PayloadProtectionContext
src/LiteBus.DurableMessaging.Abstractions/ProcessorPassResult.cs	public	record	ProcessorPassResult
src/LiteBus.DurableMessaging.Abstractions/Durability/RetryBackoff.cs	public	enum	RetryBackoff
src/LiteBus.DurableMessaging.Abstractions/Durability/RetryOptions.cs	public	record	RetryOptions
src/LiteBus.DurableMessaging.Abstractions/DurableMessaging/DurableIdempotencyScope.cs	public	class	DurableIdempotencyScope
src/LiteBus.DurableMessaging.Abstractions/DurableMessaging/DurableTenantId.cs	public	class	DurableTenantId
src/LiteBus.DurableMessaging.Abstractions/DurableMessaging/Idempotency.cs	public	record	Idempotency
src/LiteBus.DurableMessaging.Abstractions/DurableMessaging/Idempotency.cs	public	record	None
src/LiteBus.DurableMessaging.Abstractions/DurableMessaging/Idempotency.cs	public	record	Keyed
src/LiteBus.DurableMessaging.Abstractions/DurableMessaging/IdempotencyConflictException.cs	public	class	IdempotencyConflictException
src/LiteBus.DurableMessaging.Abstractions/DurableMessaging/IdempotencyConflictMode.cs	public	enum	IdempotencyConflictMode
src/LiteBus.DurableMessaging.Abstractions/DurableMessaging/MessageContractReference.cs	public	record	MessageContractReference
src/LiteBus.DurableMessaging.Abstractions/DurableMessaging/MessageIdentity.cs	public	record	MessageIdentity
src/LiteBus.DurableMessaging.Abstractions/DurableMessaging/MessageIdentity.cs	public	record	Generated
src/LiteBus.DurableMessaging.Abstractions/DurableMessaging/MessageIdentity.cs	public	record	Supplied
src/LiteBus.DurableMessaging.Abstractions/DurableMessaging/MessageTrace.cs	public	record	MessageTrace
src/LiteBus.DurableMessaging.Abstractions/DurableMessaging/MessageTrace.cs	public	record	None
src/LiteBus.DurableMessaging.Abstractions/DurableMessaging/MessageTrace.cs	public	record	Correlated
src/LiteBus.DurableMessaging.Abstractions/DurableMessaging/MessageTrace.cs	public	record	Workflow
src/LiteBus.DurableMessaging.Abstractions/DurableMessaging/MessageTrace.cs	public	record	Distributed
src/LiteBus.DurableMessaging.Abstractions/DurableMessaging/MessageVisibility.cs	public	record	MessageVisibility
src/LiteBus.DurableMessaging.Abstractions/DurableMessaging/MessageVisibility.cs	public	record	Immediate
src/LiteBus.DurableMessaging.Abstractions/DurableMessaging/MessageVisibility.cs	public	record	At
src/LiteBus.DurableMessaging.Abstractions/DurableMessaging/MessageVisibility.cs	public	record	After
src/LiteBus.DurableMessaging.Abstractions/DurableMessaging/TenantScope.cs	public	record	TenantScope
src/LiteBus.DurableMessaging.Abstractions/DurableMessaging/TenantScope.cs	public	record	Unscoped
src/LiteBus.DurableMessaging.Abstractions/DurableMessaging/TenantScope.cs	public	record	Isolated
src/LiteBus.DurableMessaging.Abstractions/Orchestration/IProcessorEnvelope.cs	public	interface	IProcessorEnvelope
src/LiteBus.DurableMessaging.Abstractions/Orchestration/IProcessorEnvelopeHook.cs	public	interface	IProcessorEnvelopeHook
src/LiteBus.DurableMessaging.Abstractions/Processing/ILeaseRenewable.cs	public	interface	ILeaseRenewable
src/LiteBus.DurableMessaging.Abstractions/Processing/IMessageProcessor.cs	public	interface	IMessageProcessor
src/LiteBus.DurableMessaging.Abstractions/Processing/IProcessorBackgroundControl.cs	public	interface	IProcessorBackgroundControl
src/LiteBus.DurableMessaging.Abstractions/Processing/IProcessorPassRecorder[TEnvelope].cs	public	interface	IProcessorPassRecorder<in TEnvelope>
src/LiteBus.DurableMessaging.Abstractions/Processing/IProcessorWorkSignal.cs	public	interface	IProcessorWorkSignal
src/LiteBus.DurableMessaging.Abstractions/Processing/LeaseRenewalRequest.cs	public	record	LeaseRenewalRequest
src/LiteBus.DurableMessaging.Abstractions/Processing/PersistResult.cs	public	record	PersistResult
src/LiteBus.DurableMessaging.Abstractions/Processing/ProcessorHookFailurePolicy.cs	public	enum	ProcessorHookFailurePolicy
src/LiteBus.DurableMessaging.Abstractions/Processing/ProcessorHookRunner.cs	internal	class	ProcessorHookRunner
src/LiteBus.DurableMessaging.Abstractions/Processing/ProcessorHostOptions.cs	public	class	ProcessorHostOptions
src/LiteBus.DurableMessaging.Abstractions/Processing/ProcessorOptions.cs	public	record	ProcessorOptions
src/LiteBus.DurableMessaging.Abstractions/Processing/ProcessorPassStopwatch.cs	public	struct	ProcessorPassStopwatch
src/LiteBus.Events/EventMediator.cs	public	class	EventMediator
src/LiteBus.Events/EventModule.cs	public	class	EventModule
src/LiteBus.Events/EventModuleBuilder.cs	public	class	EventModuleBuilder
src/LiteBus.Events/ModuleRegistryExtensions.cs	public	class	ModuleRegistryExtensions
src/LiteBus.Events/MediationStrategies/AsyncBroadcastMediationStrategy[TMessage].cs	public	class	AsyncBroadcastMediationStrategy<TMessage>
src/LiteBus.Events.Abstractions/IEvent.cs	public	interface	IEvent
src/LiteBus.Events.Abstractions/IEventCompletionHandler.cs	public	interface	IEventCompletionHandler
src/LiteBus.Events.Abstractions/IEventCompletionHandler[TEvent].cs	public	interface	IEventCompletionHandler<TEvent>
src/LiteBus.Events.Abstractions/IEventErrorHandler.cs	public	interface	IEventErrorHandler
src/LiteBus.Events.Abstractions/IEventErrorHandler[TEvent].cs	public	interface	IEventErrorHandler<TEvent>
src/LiteBus.Events.Abstractions/IEventGuard[TEvent].cs	public	interface	IEventGuard<in TEvent>
src/LiteBus.Events.Abstractions/IEventHandler[TEvent].cs	public	interface	IEventHandler<in TEvent>
src/LiteBus.Events.Abstractions/IEventMediator.cs	public	interface	IEventMediator
src/LiteBus.Events.Abstractions/IEventPostHandler.cs	public	interface	IEventPostHandler
src/LiteBus.Events.Abstractions/IEventPostHandler[TEvent].cs	public	interface	IEventPostHandler<in TEvent>
src/LiteBus.Events.Abstractions/IEventPreHandler.cs	public	interface	IEventPreHandler
src/LiteBus.Events.Abstractions/IEventPreHandler[TEvent].cs	public	interface	IEventPreHandler<in TEvent>
src/LiteBus.Events.Abstractions/IEventShortcut[TEvent].cs	public	interface	IEventShortcut<in TEvent>
src/LiteBus.Events.Abstractions/IEventValidator[TEvent].cs	public	interface	IEventValidator<in TEvent>
src/LiteBus.Events.Abstractions/Extensions/EventMediatorExtensions.cs	public	class	EventMediatorExtensions
src/LiteBus.Events.Abstractions/Settings/ConcurrencyMode.cs	public	enum	ConcurrencyMode
src/LiteBus.Events.Abstractions/Settings/EventExecutionSettings.cs	public	record	EventExecutionSettings
src/LiteBus.Events.Abstractions/Settings/EventMediationSettings.cs	public	class	EventMediationSettings
src/LiteBus.Events.Abstractions/Settings/EventRoutingSettings.cs	public	record	EventRoutingSettings
src/LiteBus.Extensions.AspNetCore/InboxMessagePurgeBinding.cs	public	class	InboxMessagePurgeBinding
src/LiteBus.Extensions.AspNetCore/InboxMessageQueryBinding.cs	public	class	InboxMessageQueryBinding
src/LiteBus.Extensions.AspNetCore/LiteBusManagementEndpointExtensions.cs	public	class	LiteBusManagementEndpointExtensions
src/LiteBus.Extensions.AspNetCore/LiteBusManagementEndpointModels.cs	public	class	LiteBusManagementEndpointExtensions
src/LiteBus.Extensions.AspNetCore/LiteBusManagementOptions.cs	public	class	LiteBusManagementOptions
src/LiteBus.Extensions.AspNetCore/LiteBusManagementServiceCollectionExtensions.cs	public	class	LiteBusManagementServiceCollectionExtensions
src/LiteBus.Extensions.AspNetCore/OutboxMessagePurgeBinding.cs	public	class	OutboxMessagePurgeBinding
src/LiteBus.Extensions.AspNetCore/OutboxMessageQueryBinding.cs	public	class	OutboxMessageQueryBinding
src/LiteBus.Extensions.Diagnostics.HealthChecks/LiteBusHealthCheck.cs	public	class	LiteBusHealthCheck
src/LiteBus.Extensions.Diagnostics.HealthChecks/LiteBusHealthCheckExtensions.cs	public	class	LiteBusHealthCheckExtensions
src/LiteBus.Extensions.Diagnostics.HealthChecks/LiteBusHealthCheckOptions.cs	public	class	LiteBusHealthCheckOptions
src/LiteBus.Inbox/Inbox.cs	public	class	Inbox
src/LiteBus.Inbox/InboxAcceptanceService.cs	public	class	InboxAcceptanceService
src/LiteBus.Inbox/InboxCleanupBackgroundService.cs	public	class	InboxCleanupBackgroundService
src/LiteBus.Inbox/InboxCleanupLogMessages.cs	internal	class	InboxCleanupLogMessages
src/LiteBus.Inbox/InboxCommandMessageGuard.cs	internal	class	InboxCommandMessageGuard
src/LiteBus.Inbox/InboxDiagnosticsTelemetry.cs	internal	class	InboxDiagnosticsTelemetry
src/LiteBus.Inbox/InboxEnvelopeFactory.cs	public	class	InboxEnvelopeFactory
src/LiteBus.Inbox/InboxManager.cs	internal	class	InboxManager
src/LiteBus.Inbox/InboxModule.cs	public	class	InboxModule
src/LiteBus.Inbox/InboxModuleBuilder.cs	public	class	InboxModuleBuilder
src/LiteBus.Inbox/InboxObservableMetrics.cs	internal	class	InboxObservableMetrics
src/LiteBus.Inbox/InboxObservableMetricsInitializer.cs	internal	class	InboxObservableMetricsInitializer
src/LiteBus.Inbox/InboxPayloadProtector.cs	internal	class	InboxPayloadProtector
src/LiteBus.Inbox/InboxPipelinedMessageProcessorOperations.cs	internal	class	InboxPipelinedMessageProcessorOperations
src/LiteBus.Inbox/InboxProcessorBackgroundService.cs	public	class	InboxProcessorBackgroundService
src/LiteBus.Inbox/InboxProcessorControl.cs	public	class	InboxProcessorControl
src/LiteBus.Inbox/InboxProcessorEnvelopeAdapter.cs	internal	class	InboxProcessorEnvelopeAdapter
src/LiteBus.Inbox/InboxProcessorEnvelopeHandler.cs	internal	class	InboxProcessorEnvelopeHandler
src/LiteBus.Inbox/InboxProcessorFactory.cs	internal	class	InboxProcessorFactory
src/LiteBus.Inbox/InboxProcessorLogMessages.cs	internal	class	InboxProcessorLogMessages
src/LiteBus.Inbox/InboxProcessorPassRecorder.cs	internal	class	InboxProcessorPassRecorder
src/LiteBus.Inbox/InboxProcessorTelemetry.cs	internal	class	InboxProcessorTelemetry
src/LiteBus.Inbox/InboxRetentionCoordinator.cs	public	class	InboxRetentionCoordinator
src/LiteBus.Inbox/LiteBusInboxTelemetry.cs	public	class	LiteBusInboxTelemetry
src/LiteBus.Inbox/ModuleRegistryExtensions.cs	public	class	ModuleRegistryExtensions
src/LiteBus.Inbox/PipelinedInboxProcessor.cs	public	class	PipelinedInboxProcessor
src/LiteBus.Inbox/StoreBoundTransactionalInbox.cs	public	class	StoreBoundTransactionalInbox
src/LiteBus.Inbox.Abstractions/DiagnosticCheckRegistration.cs	internal	record	DiagnosticCheckRegistration
src/LiteBus.Inbox.Abstractions/IInbox.cs	public	interface	IInbox
src/LiteBus.Inbox.Abstractions/IInboxDispatcherModule.cs	public	interface	IInboxDispatcherModule
src/LiteBus.Inbox.Abstractions/IInboxEnvelopeFactory.cs	public	interface	IInboxEnvelopeFactory
src/LiteBus.Inbox.Abstractions/IInboxIngressModule.cs	public	interface	IInboxIngressModule
src/LiteBus.Inbox.Abstractions/IInboxManager.cs	public	interface	IInboxManager
src/LiteBus.Inbox.Abstractions/IInboxPayloadProtector.cs	public	interface	IInboxPayloadProtector
src/LiteBus.Inbox.Abstractions/IInboxStorageModule.cs	public	interface	IInboxStorageModule
src/LiteBus.Inbox.Abstractions/ITransactionalInbox.cs	public	interface	ITransactionalInbox
src/LiteBus.Inbox.Abstractions/ITransactionalInbox[TContext].cs	public	interface	ITransactionalInbox<TContext>
src/LiteBus.Inbox.Abstractions/InboxAcceptItem.cs	public	record	InboxAcceptItem
src/LiteBus.Inbox.Abstractions/InboxAcceptItem[TMessage].cs	public	record	InboxAcceptItem<TMessage>
src/LiteBus.Inbox.Abstractions/InboxAcceptMetadata.cs	public	record	InboxAcceptMetadata
src/LiteBus.Inbox.Abstractions/InboxAcceptOutcome.cs	public	enum	InboxAcceptOutcome
src/LiteBus.Inbox.Abstractions/InboxAppendResult.cs	public	record	InboxAppendResult
src/LiteBus.Inbox.Abstractions/InboxCleanupHostOptions.cs	public	class	InboxCleanupHostOptions
src/LiteBus.Inbox.Abstractions/InboxDeadLetterStoreExtensions.cs	public	class	InboxDeadLetterStoreExtensions
src/LiteBus.Inbox.Abstractions/InboxPollingWorkSignal.cs	public	class	InboxPollingWorkSignal
src/LiteBus.Inbox.Abstractions/InboxReceipt.cs	public	record	InboxReceipt
src/LiteBus.Inbox.Abstractions/InboxReceiptMapper.cs	internal	class	InboxReceiptMapper
src/LiteBus.Inbox.Abstractions/InboxReceipt[TMessage].cs	public	record	InboxReceipt<TMessage> where TMessage
src/LiteBus.Inbox.Abstractions/InboxStoreExtensions.cs	public	class	InboxStoreExtensions
src/LiteBus.Inbox.Abstractions/RequeueResult.cs	public	record	RequeueResult
src/LiteBus.Inbox.Abstractions/Envelopes/InboxEnvelope.cs	public	record	InboxEnvelope
src/LiteBus.Inbox.Abstractions/Envelopes/InboxStatus.cs	public	enum	InboxStatus
src/LiteBus.Inbox.Abstractions/Exceptions/InboxDispatchException.cs	public	class	InboxDispatchException
src/LiteBus.Inbox.Abstractions/Exceptions/InboxIngressException.cs	public	class	InboxIngressException
src/LiteBus.Inbox.Abstractions/Exceptions/InboxManagementException.cs	public	class	InboxManagementException
src/LiteBus.Inbox.Abstractions/Exceptions/InboxStorageException.cs	public	class	InboxStorageException
src/LiteBus.Inbox.Abstractions/Processing/IInboxDispatcher.cs	public	interface	IInboxDispatcher
src/LiteBus.Inbox.Abstractions/Processing/IInboxProcessor.cs	public	interface	IInboxProcessor
src/LiteBus.Inbox.Abstractions/Processing/IInboxProcessorControl.cs	public	interface	IInboxProcessorControl
src/LiteBus.Inbox.Abstractions/Processing/IInboxWorkSignal.cs	public	interface	IInboxWorkSignal
src/LiteBus.Inbox.Abstractions/Processing/InboxExecutionContextKeys.cs	public	class	InboxExecutionContextKeys
src/LiteBus.Inbox.Abstractions/Processing/InboxProcessorHostOptions.cs	public	class	InboxProcessorHostOptions
src/LiteBus.Inbox.Abstractions/Processing/InboxProcessorOptions.cs	public	record	InboxProcessorOptions
src/LiteBus.Inbox.Abstractions/Processing/ProcessorState.cs	public	enum	ProcessorState
src/LiteBus.Inbox.Abstractions/Store/IInboxDeadLetterStore.cs	public	interface	IInboxDeadLetterStore
src/LiteBus.Inbox.Abstractions/Store/IInboxDiagnosticsStore.cs	public	interface	IInboxDiagnosticsStore
src/LiteBus.Inbox.Abstractions/Store/IInboxLeaseStore.cs	public	interface	IInboxLeaseStore
src/LiteBus.Inbox.Abstractions/Store/IInboxMessageQuery.cs	public	interface	IInboxMessageQuery
src/LiteBus.Inbox.Abstractions/Store/IInboxOperationsStore.cs	public	interface	IInboxOperationsStore
src/LiteBus.Inbox.Abstractions/Store/IInboxProcessingStore.cs	public	interface	IInboxProcessingStore
src/LiteBus.Inbox.Abstractions/Store/IInboxPurgeStore.cs	public	interface	IInboxPurgeStore
src/LiteBus.Inbox.Abstractions/Store/IInboxRetentionStore.cs	public	interface	IInboxRetentionStore
src/LiteBus.Inbox.Abstractions/Store/IInboxStateWriter.cs	public	interface	IInboxStateWriter
src/LiteBus.Inbox.Abstractions/Store/IInboxStore.cs	public	interface	IInboxStore
src/LiteBus.Inbox.Abstractions/Store/ITransactionalInboxStore.cs	public	interface	ITransactionalInboxStore
src/LiteBus.Inbox.Abstractions/Store/InboxLeaseRequest.cs	public	record	InboxLeaseRequest
src/LiteBus.Inbox.Abstractions/Store/InboxMessageFilter.cs	public	record	InboxMessageFilter
src/LiteBus.Inbox.Abstractions/Store/InboxMessageFilterExtensions.cs	public	class	InboxMessageFilterExtensions
src/LiteBus.Inbox.Abstractions/Store/InboxMessagePage.cs	public	record	InboxMessagePage
src/LiteBus.Inbox.Abstractions/Store/InboxMessagePageCursor.cs	public	class	InboxMessagePageCursor
src/LiteBus.Inbox.Abstractions/Store/InboxMessagePageRequest.cs	public	record	InboxMessagePageRequest
src/LiteBus.Inbox.Dispatch/InboxTransportEnvelopeMapper.cs	internal	class	InboxTransportEnvelopeMapper
src/LiteBus.Inbox.Dispatch/TransportInboxDispatchModule[TTransportModule].cs	public	class	TransportInboxDispatchModule<TTransportModule>
src/LiteBus.Inbox.Dispatch/TransportInboxDispatcher.cs	public	class	TransportInboxDispatcher
src/LiteBus.Inbox.Dispatch/TransportInboxDispatcherOptions.cs	public	class	TransportInboxDispatcherOptions
src/LiteBus.Inbox.Dispatch.Amqp/InboxModuleBuilderAmqpDispatchExtensions.cs	public	class	InboxModuleBuilderAmqpDispatchExtensions
src/LiteBus.Inbox.Dispatch.AwsSqs/InboxModuleBuilderAwsDispatchExtensions.cs	public	class	InboxModuleBuilderAwsDispatchExtensions
src/LiteBus.Inbox.Dispatch.AzureServiceBus/InboxModuleBuilderAzureServiceBusDispatchExtensions.cs	public	class	InboxModuleBuilderAzureServiceBusDispatchExtensions
src/LiteBus.Inbox.Dispatch.InMemory/InboxModuleBuilderInMemoryDispatchExtensions.cs	public	class	InboxModuleBuilderInMemoryDispatchExtensions
src/LiteBus.Inbox.Dispatch.InProcess/CommandInboxDispatchModule.cs	public	class	CommandInboxDispatchModule
src/LiteBus.Inbox.Dispatch.InProcess/CommandInboxDispatcher.cs	public	class	CommandInboxDispatcher
src/LiteBus.Inbox.Dispatch.InProcess/InboxModuleBuilderCommandDispatchExtensions.cs	public	class	InboxModuleBuilderCommandDispatchExtensions
src/LiteBus.Inbox.Dispatch.Kafka/InboxModuleBuilderKafkaDispatchExtensions.cs	public	class	InboxModuleBuilderKafkaDispatchExtensions
src/LiteBus.Inbox.Extensions.OpenTelemetry/LiteBusInboxOpenTelemetryExtensions.cs	public	class	LiteBusInboxOpenTelemetryExtensions
src/LiteBus.Inbox.Ingress/IngressAckPolicy.cs	public	class	IngressAckPolicy
src/LiteBus.Inbox.Ingress/LiteBusInboxIngressTelemetry.cs	public	class	LiteBusInboxIngressTelemetry
src/LiteBus.Inbox.Ingress/TransportInboxIngressConsumer.cs	public	class	TransportInboxIngressConsumer
src/LiteBus.Inbox.Ingress/TransportInboxIngressHandler.cs	public	class	TransportInboxIngressHandler
src/LiteBus.Inbox.Ingress/TransportInboxIngressHostOptions.cs	public	class	TransportInboxIngressHostOptions
src/LiteBus.Inbox.Ingress/TransportInboxIngressLogMessages.cs	internal	class	TransportInboxIngressLogMessages
src/LiteBus.Inbox.Ingress/TransportInboxIngressMapper.cs	internal	class	TransportInboxIngressMapper
src/LiteBus.Inbox.Ingress/TransportInboxIngressMappingOptions.cs	internal	record	TransportInboxIngressMappingOptions
src/LiteBus.Inbox.Ingress/TransportInboxIngressOptions.cs	public	record	TransportInboxIngressOptions
src/LiteBus.Inbox.Ingress/TransportInboxIngressSafetyOptions.cs	public	record	TransportInboxIngressSafetyOptions
src/LiteBus.Inbox.Ingress/TransportInboxIngressTelemetry.cs	internal	class	TransportInboxIngressTelemetry
src/LiteBus.Inbox.Ingress.Amqp/AmqpInboxIngressHandler.cs	public	class	AmqpInboxIngressHandler
src/LiteBus.Inbox.Ingress.Amqp/AmqpInboxIngressModule.cs	public	class	AmqpInboxIngressModule
src/LiteBus.Inbox.Ingress.Amqp/AmqpInboxIngressModuleBuilder.cs	public	class	AmqpInboxIngressModuleBuilder
src/LiteBus.Inbox.Ingress.Amqp/AmqpInboxIngressOptions.cs	public	record	AmqpInboxIngressOptions
src/LiteBus.Inbox.Ingress.Amqp/InboxModuleBuilderAmqpIngressExtensions.cs	public	class	InboxModuleBuilderAmqpIngressExtensions
src/LiteBus.Inbox.Ingress.Amqp/Exceptions/AmqpInboxIngressConfigurationException.cs	public	class	AmqpInboxIngressConfigurationException
src/LiteBus.Inbox.Ingress.AwsSqs/AwsSqsInboxIngressModule.cs	public	class	AwsSqsInboxIngressModule
src/LiteBus.Inbox.Ingress.AwsSqs/AwsSqsInboxIngressModuleBuilder.cs	public	class	AwsSqsInboxIngressModuleBuilder
src/LiteBus.Inbox.Ingress.AwsSqs/AwsSqsInboxIngressOptions.cs	public	record	AwsSqsInboxIngressOptions
src/LiteBus.Inbox.Ingress.AwsSqs/InboxModuleBuilderAwsIngressExtensions.cs	public	class	InboxModuleBuilderAwsIngressExtensions
src/LiteBus.Inbox.Ingress.AzureServiceBus/AzureServiceBusInboxIngressModule.cs	public	class	AzureServiceBusInboxIngressModule
src/LiteBus.Inbox.Ingress.AzureServiceBus/AzureServiceBusInboxIngressModuleBuilder.cs	public	class	AzureServiceBusInboxIngressModuleBuilder
src/LiteBus.Inbox.Ingress.AzureServiceBus/AzureServiceBusInboxIngressOptions.cs	public	record	AzureServiceBusInboxIngressOptions
src/LiteBus.Inbox.Ingress.AzureServiceBus/InboxModuleBuilderAzureServiceBusIngressExtensions.cs	public	class	InboxModuleBuilderAzureServiceBusIngressExtensions
src/LiteBus.Inbox.Ingress.InMemory/InMemoryInboxIngressModule.cs	public	class	InMemoryInboxIngressModule
src/LiteBus.Inbox.Ingress.InMemory/InMemoryInboxIngressModuleBuilder.cs	public	class	InMemoryInboxIngressModuleBuilder
src/LiteBus.Inbox.Ingress.InMemory/InMemoryInboxIngressOptions.cs	public	record	InMemoryInboxIngressOptions
src/LiteBus.Inbox.Ingress.InMemory/InboxModuleBuilderInMemoryIngressExtensions.cs	public	class	InboxModuleBuilderInMemoryIngressExtensions
src/LiteBus.Inbox.Ingress.Kafka/InboxModuleBuilderKafkaIngressExtensions.cs	public	class	InboxModuleBuilderKafkaIngressExtensions
src/LiteBus.Inbox.Ingress.Kafka/KafkaInboxIngressModule.cs	public	class	KafkaInboxIngressModule
src/LiteBus.Inbox.Ingress.Kafka/KafkaInboxIngressModuleBuilder.cs	public	class	KafkaInboxIngressModuleBuilder
src/LiteBus.Inbox.Ingress.Kafka/KafkaInboxIngressOptions.cs	public	record	KafkaInboxIngressOptions
src/LiteBus.Inbox.Storage.EntityFrameworkCore/EfCoreInboxDbContextFactory[TContext].cs	internal	class	EfCoreInboxDbContextFactory<TContext>
src/LiteBus.Inbox.Storage.EntityFrameworkCore/EfCoreInboxStorageModule.cs	public	class	EfCoreInboxStorageModule
src/LiteBus.Inbox.Storage.EntityFrameworkCore/EfCoreInboxStorageModuleBuilder.cs	public	class	EfCoreInboxStorageModuleBuilder
src/LiteBus.Inbox.Storage.EntityFrameworkCore/EfCoreInboxStore.cs	public	class	EfCoreInboxStore
src/LiteBus.Inbox.Storage.EntityFrameworkCore/EntityFrameworkCoreInboxStoreOptions.cs	public	record	EntityFrameworkCoreInboxStoreOptions
src/LiteBus.Inbox.Storage.EntityFrameworkCore/IEfCoreInboxDbContextFactory.cs	internal	interface	IEfCoreInboxDbContextFactory
src/LiteBus.Inbox.Storage.EntityFrameworkCore/IInboxDbContext.cs	public	interface	IInboxDbContext
src/LiteBus.Inbox.Storage.EntityFrameworkCore/InboxDbContextExtensions.cs	public	class	InboxDbContextExtensions
src/LiteBus.Inbox.Storage.EntityFrameworkCore/InboxEntityFrameworkCoreModelExtensions.cs	public	class	InboxEntityFrameworkCoreModelExtensions
src/LiteBus.Inbox.Storage.EntityFrameworkCore/InboxMessageEntity.cs	public	class	InboxMessageEntity
src/LiteBus.Inbox.Storage.EntityFrameworkCore/InboxModuleBuilderEfCoreExtensions.cs	public	class	InboxModuleBuilderEfCoreExtensions
src/LiteBus.Inbox.Storage.EntityFrameworkCore/LiteBusInboxSaveChangesInterceptor.cs	public	class	LiteBusInboxSaveChangesInterceptor
src/LiteBus.Inbox.Storage.EntityFrameworkCore/TransactionalInbox[TContext].cs	public	class	TransactionalInbox<TContext>
src/LiteBus.Inbox.Storage.InMemory/InMemoryInboxStorageModule.cs	public	class	InMemoryInboxStorageModule
src/LiteBus.Inbox.Storage.InMemory/InMemoryInboxStorageModuleBuilder.cs	public	class	InMemoryInboxStorageModuleBuilder
src/LiteBus.Inbox.Storage.InMemory/InMemoryInboxStore.cs	public	class	InMemoryInboxStore
src/LiteBus.Inbox.Storage.InMemory/InMemoryInboxStoreOptions.cs	public	record	InMemoryInboxStoreOptions
src/LiteBus.Inbox.Storage.InMemory/InboxModuleBuilderInMemoryExtensions.cs	public	class	InboxModuleBuilderInMemoryExtensions
src/LiteBus.Inbox.Storage.PostgreSql/InboxModuleBuilderPostgreSqlExtensions.cs	public	class	InboxModuleBuilderPostgreSqlExtensions
src/LiteBus.Inbox.Storage.PostgreSql/PostgreSqlInboxModule.cs	public	class	PostgreSqlInboxModule
src/LiteBus.Inbox.Storage.PostgreSql/PostgreSqlInboxModuleBuilder.cs	public	class	PostgreSqlInboxModuleBuilder
src/LiteBus.Inbox.Storage.PostgreSql/PostgreSqlInboxNotifyChannel.cs	public	class	PostgreSqlInboxNotifyChannel
src/LiteBus.Inbox.Storage.PostgreSql/PostgreSqlInboxSchema.cs	public	class	PostgreSqlInboxSchema
src/LiteBus.Inbox.Storage.PostgreSql/PostgreSqlInboxSchemaDiagnosticCheck.cs	public	class	PostgreSqlInboxSchemaDiagnosticCheck
src/LiteBus.Inbox.Storage.PostgreSql/PostgreSqlInboxSchemaEmbeddedSql.cs	internal	class	PostgreSqlInboxSchemaEmbeddedSql
src/LiteBus.Inbox.Storage.PostgreSql/PostgreSqlInboxSchemaInitializer.cs	public	class	PostgreSqlInboxSchemaInitializer
src/LiteBus.Inbox.Storage.PostgreSql/PostgreSqlInboxSchemaScripts.cs	internal	class	PostgreSqlInboxSchemaScripts
src/LiteBus.Inbox.Storage.PostgreSql/PostgreSqlInboxSchemaSqlPaths.cs	public	class	PostgreSqlInboxSchemaSqlPaths
src/LiteBus.Inbox.Storage.PostgreSql/PostgreSqlInboxStore.cs	public	class	PostgreSqlInboxStore
src/LiteBus.Inbox.Storage.PostgreSql/PostgreSqlInboxStoreOptions.cs	public	record	PostgreSqlInboxStoreOptions
src/LiteBus.Inbox.Storage.PostgreSql/PostgreSqlInboxStoreRegistration.cs	public	class	PostgreSqlInboxStoreRegistration
src/LiteBus.Inbox.Storage.PostgreSql/PostgreSqlInboxWorkSignal.cs	public	class	PostgreSqlInboxWorkSignal
src/LiteBus.Inbox.Storage.PostgreSql/PostgreSqlTransactionalInboxParticipant.cs	public	class	PostgreSqlTransactionalInboxParticipant
src/LiteBus.Inbox.Storage.PostgreSql/Exceptions/InboxPostgreSqlStorageConfigurationException.cs	public	class	InboxPostgreSqlStorageConfigurationException
src/LiteBus.Messaging/DurableEnvelopeMetadataMapper.cs	internal	class	DurableEnvelopeMetadataMapper
src/LiteBus.Messaging/LazyHandlerCollection[THandler, TDescriptor].cs	public	class	LazyHandlerCollection<THandler, TDescriptor>
src/LiteBus.Messaging/MessageModule.cs	public	class	MessageModule
src/LiteBus.Messaging/MessageModuleBuilder.cs	public	class	MessageModuleBuilder
src/LiteBus.Messaging/ModuleRegistryExtensions.cs	public	class	ModuleRegistryExtensions
src/LiteBus.Messaging/PayloadProtection.cs	public	class	PayloadProtection
src/LiteBus.Messaging/Audit/AmbientAuditScope.cs	internal	class	AmbientAuditScope
src/LiteBus.Messaging/Audit/AuditRecordWriter.cs	internal	class	AuditRecordWriter
src/LiteBus.Messaging/Audit/AuditScopeState.cs	internal	class	AuditScopeState
src/LiteBus.Messaging/Audit/AuditTrailDiagnosticCheck.cs	public	class	AuditTrailDiagnosticCheck
src/LiteBus.Messaging/Audit/DefaultAuditOutcomeMapper.cs	public	class	DefaultAuditOutcomeMapper
src/LiteBus.Messaging/Contexts/HandleContextData.cs	public	class	HandleContextData
src/LiteBus.Messaging/Contexts/Execution/ExecutionContext.cs	internal	class	ExecutionContext
src/LiteBus.Messaging/Contracts/DeclaredTypeMessageContractResolver.cs	public	class	DeclaredTypeMessageContractResolver
src/LiteBus.Messaging/Contracts/MessageContractRegistry.cs	internal	class	MessageContractRegistry
src/LiteBus.Messaging/Exceptions/NotResolvedException.cs	public	class	NotResolvedException
src/LiteBus.Messaging/Extensions/EnumerableExtensions.cs	public	class	EnumerableExtensions
src/LiteBus.Messaging/Extensions/ServiceProviderExtensions.cs	public	class	ServiceProviderExtensions
src/LiteBus.Messaging/Extensions/TypeExtensions.cs	internal	class	TypeExtensions
src/LiteBus.Messaging/FindStrategies/ActualTypeOrFirstAssignableTypeMessageResolveStrategy.cs	public	class	ActualTypeOrFirstAssignableTypeMessageResolveStrategy
src/LiteBus.Messaging/MediationStrategies/HandlerInvocation.cs	internal	class	HandlerInvocation
src/LiteBus.Messaging/MediationStrategies/SingleAsyncHandlerMediationStrategy[TMessage, TMessageResult].cs	public	class	SingleAsyncHandlerMediationStrategy<TMessage, TMessageResult>
src/LiteBus.Messaging/MediationStrategies/SingleAsyncHandlerMediationStrategy[TMessage].cs	public	class	SingleAsyncHandlerMediationStrategy<TMessage>
src/LiteBus.Messaging/MediationStrategies/SingleMainHandlerResolver.cs	internal	class	SingleMainHandlerResolver
src/LiteBus.Messaging/MediationStrategies/SingleStreamHandlerMediationStrategy[TMessage, TMessageResult].cs	public	class	SingleStreamHandlerMediationStrategy<TMessage, TMessageResult>
src/LiteBus.Messaging/Mediator/MediationResourceScope.cs	internal	class	MediationResourceScope
src/LiteBus.Messaging/Mediator/MediationScopeRetention.cs	internal	class	MediationScopeRetention
src/LiteBus.Messaging/Mediator/MessageDependencies.cs	internal	class	MessageDependencies
src/LiteBus.Messaging/Mediator/MessageMediator.cs	internal	class	MessageMediator
src/LiteBus.Messaging/Processing/ConcurrentProcessorPassAccumulator[TEnvelope].cs	public	class	ConcurrentProcessorPassAccumulator<TEnvelope>
src/LiteBus.Messaging/Processing/IPipelinedMessageProcessorOperations[TEnvelope, TOptions].cs	internal	interface	IPipelinedMessageProcessorOperations<TEnvelope, in TOptions>
src/LiteBus.Messaging/Processing/LeaseHeartbeatContext.cs	internal	record	LeaseHeartbeatContext
src/LiteBus.Messaging/Processing/MessageProcessorLogMessages.cs	internal	class	MessageProcessorLogMessages
src/LiteBus.Messaging/Processing/PipelinedMessageProcessor[TEnvelope, TOptions].cs	internal	class	PipelinedMessageProcessor<TEnvelope, TOptions>
src/LiteBus.Messaging/Processing/ProcessorBackgroundService[TProcessor].cs	internal	class	ProcessorBackgroundService<TProcessor>
src/LiteBus.Messaging/Processing/ProcessorLeaseHeartbeat.cs	internal	class	ProcessorLeaseHeartbeat
src/LiteBus.Messaging/Processing/ProcessorOptionsValidator.cs	internal	class	ProcessorOptionsValidator
src/LiteBus.Messaging/Processing/ProcessorPassAccumulator[TEnvelope].cs	public	class	ProcessorPassAccumulator<TEnvelope>
src/LiteBus.Messaging/Registry/HandlerDescriptorRegistration.cs	internal	class	HandlerDescriptorRegistration
src/LiteBus.Messaging/Registry/MessageDeclaration.cs	internal	record	MessageDeclaration
src/LiteBus.Messaging/Registry/MessageDefinitionBinder.cs	internal	class	MessageDefinitionBinder
src/LiteBus.Messaging/Registry/MessageMetadata.cs	internal	class	MessageMetadata
src/LiteBus.Messaging/Registry/MessageRegistry.cs	internal	class	MessageRegistry
src/LiteBus.Messaging/Registry/MetadataSourceKind.cs	internal	enum	MetadataSourceKind
src/LiteBus.Messaging/Registry/Abstractions/IHandlerDescriptorBuilder.cs	internal	interface	IHandlerDescriptorBuilder
src/LiteBus.Messaging/Registry/Builders/CompletionHandlerDescriptorBuilder.cs	public	class	CompletionHandlerDescriptorBuilder
src/LiteBus.Messaging/Registry/Builders/ErrorHandlerDescriptorBuilder.cs	internal	class	ErrorHandlerDescriptorBuilder
src/LiteBus.Messaging/Registry/Builders/HandlerDescriptorBuilder.cs	public	class	HandlerDescriptorBuilder
src/LiteBus.Messaging/Registry/Builders/PostHandlerDescriptorBuilder.cs	public	class	PostHandlerDescriptorBuilder
src/LiteBus.Messaging/Registry/Builders/PreHandlerDescriptorBuilder.cs	public	class	PreHandlerDescriptorBuilder
src/LiteBus.Messaging/Registry/Builders/RefusalMapperDescriptorBuilder.cs	public	class	RefusalMapperDescriptorBuilder
src/LiteBus.Messaging/Registry/Descriptors/CompletionHandlerDescriptor.cs	internal	class	CompletionHandlerDescriptor
src/LiteBus.Messaging/Registry/Descriptors/ErrorHandlerDescriptor.cs	internal	class	ErrorHandlerDescriptor
src/LiteBus.Messaging/Registry/Descriptors/HandlerDescriptorBase.cs	internal	class	HandlerDescriptorBase
src/LiteBus.Messaging/Registry/Descriptors/MainHandlerDescriptor.cs	internal	class	MainHandlerDescriptor
src/LiteBus.Messaging/Registry/Descriptors/MessageDescriptor.cs	internal	class	MessageDescriptor
src/LiteBus.Messaging/Registry/Descriptors/PostHandlerDescriptor.cs	internal	class	PostHandlerDescriptor
src/LiteBus.Messaging/Registry/Descriptors/PreHandlerDescriptor.cs	internal	class	PreHandlerDescriptor
src/LiteBus.Messaging/Registry/Descriptors/RefusalMapperDescriptor.cs	internal	class	RefusalMapperDescriptor
src/LiteBus.Messaging/Serialization/SystemTextJsonMessageSerializer.cs	public	class	SystemTextJsonMessageSerializer
src/LiteBus.Messaging.Abstractions/IContractWriterExtensions.cs	public	class	IContractWriterExtensions
src/LiteBus.Messaging.Abstractions/IHandleContextData.cs	public	interface	IHandleContextData
src/LiteBus.Messaging.Abstractions/ILazyHandlerCollection[THandler, TDescriptor].cs	public	interface	ILazyHandlerCollection<THandler, TDescriptor>
src/LiteBus.Messaging.Abstractions/IMessageContractRegistryExtensions.cs	public	class	IMessageContractRegistryExtensions
src/LiteBus.Messaging.Abstractions/IMessageDependencies.cs	public	interface	IMessageDependencies
src/LiteBus.Messaging.Abstractions/IMessageMediationStrategy[TMessage, TMessageResult].cs	public	interface	IMessageMediationStrategy<in TMessage, out TMessageResult>
src/LiteBus.Messaging.Abstractions/IMessageMediator.cs	public	interface	IMessageMediator
src/LiteBus.Messaging.Abstractions/IMessageResolveStrategy.cs	public	interface	IMessageResolveStrategy
src/LiteBus.Messaging.Abstractions/LazyHandler[THandler, TDescriptor].cs	public	struct	LazyHandler<THandler, TDescriptor>
src/LiteBus.Messaging.Abstractions/MediationExceptionData.cs	public	class	MediationExceptionData
src/LiteBus.Messaging.Abstractions/MediationExceptionFilters.cs	public	class	MediationExceptionFilters
src/LiteBus.Messaging.Abstractions/MessageContractAttribute.cs	public	class	MessageContractAttribute
src/LiteBus.Messaging.Abstractions/MessageMediationRequest[TMessage, TMessageResult].cs	public	record	MessageMediationRequest<TMessage, TMessageResult> where TMessage
src/LiteBus.Messaging.Abstractions/ParallelFaultMode.cs	public	enum	ParallelFaultMode
src/LiteBus.Messaging.Abstractions/PipelineDispatch.cs	public	class	PipelineDispatch
src/LiteBus.Messaging.Abstractions/PipelineHandlerInvocation.cs	internal	class	PipelineHandlerInvocation
src/LiteBus.Messaging.Abstractions/PipelineHandlerInvoker.cs	internal	class	PipelineHandlerInvoker
src/LiteBus.Messaging.Abstractions/Audit/AuditDeclaration.cs	public	record	AuditDeclaration
src/LiteBus.Messaging.Abstractions/Audit/AuditExemptAttribute.cs	public	class	AuditExemptAttribute
src/LiteBus.Messaging.Abstractions/Audit/AuditExemptDeclaration.cs	public	record	AuditExemptDeclaration
src/LiteBus.Messaging.Abstractions/Audit/AuditOutcome.cs	public	enum	AuditOutcome
src/LiteBus.Messaging.Abstractions/Audit/AuditRecord.cs	public	record	AuditRecord
src/LiteBus.Messaging.Abstractions/Audit/AuditedAttribute.cs	public	class	AuditedAttribute
src/LiteBus.Messaging.Abstractions/Audit/AuditedDeclaration.cs	public	record	AuditedDeclaration
src/LiteBus.Messaging.Abstractions/Audit/IAuditDefinition[TMessage].cs	public	interface	IAuditDefinition<TMessage>
src/LiteBus.Messaging.Abstractions/Audit/IAuditOutcomeMapper.cs	public	interface	IAuditOutcomeMapper
src/LiteBus.Messaging.Abstractions/Audit/IAuditRecordWriter.cs	public	interface	IAuditRecordWriter
src/LiteBus.Messaging.Abstractions/Audit/IAuditScope.cs	public	interface	IAuditScope
src/LiteBus.Messaging.Abstractions/Audit/IAuditTrail.cs	public	interface	IAuditTrail
src/LiteBus.Messaging.Abstractions/Contexts/AmbientExecutionContext.cs	public	class	AmbientExecutionContext
src/LiteBus.Messaging.Abstractions/Contexts/AmbientExecutionContext.cs	public	class	ExecutionContextScope
src/LiteBus.Messaging.Abstractions/Contexts/Execution/IExecutionContext.cs	public	interface	IExecutionContext
src/LiteBus.Messaging.Abstractions/Contracts/IContractReader.cs	public	interface	IContractReader
src/LiteBus.Messaging.Abstractions/Contracts/IContractWriter.cs	public	interface	IContractWriter
src/LiteBus.Messaging.Abstractions/Contracts/IMessageContractRegistry.cs	public	interface	IMessageContractRegistry
src/LiteBus.Messaging.Abstractions/Contracts/IMessageContractResolver.cs	public	interface	IMessageContractResolver
src/LiteBus.Messaging.Abstractions/Contracts/MessageContract.cs	public	record	MessageContract
src/LiteBus.Messaging.Abstractions/Contracts/MessageContractBuilder.cs	public	class	MessageContractBuilder
src/LiteBus.Messaging.Abstractions/Definitions/IMessageDeclarationSource.cs	public	interface	IMessageDeclarationSource
src/LiteBus.Messaging.Abstractions/Definitions/IMessageDefinition.cs	public	interface	IMessageDefinition
src/LiteBus.Messaging.Abstractions/Definitions/IMessageDefinition[TMessage, TValue].cs	public	interface	IMessageDefinition<TMessage, out TValue>
src/LiteBus.Messaging.Abstractions/Exceptions/AmbiguousMessageResolveException.cs	public	class	AmbiguousMessageResolveException
src/LiteBus.Messaging.Abstractions/Exceptions/LiteBusMessageDeniedException.cs	public	class	LiteBusMessageDeniedException
src/LiteBus.Messaging.Abstractions/Exceptions/LiteBusMessageInvalidException.cs	public	class	LiteBusMessageInvalidException
src/LiteBus.Messaging.Abstractions/Exceptions/MessageContractAlreadyRegisteredException.cs	public	class	MessageContractAlreadyRegisteredException
src/LiteBus.Messaging.Abstractions/Exceptions/MessageContractMismatchException.cs	public	class	MessageContractMismatchException
src/LiteBus.Messaging.Abstractions/Exceptions/MessageContractNotRegisteredException.cs	public	class	MessageContractNotRegisteredException
src/LiteBus.Messaging.Abstractions/Exceptions/MessageDescriptorNotFoundException.cs	public	class	MessageDescriptorNotFoundException
src/LiteBus.Messaging.Abstractions/Exceptions/MultipleHandlerFoundException.cs	public	class	MultipleHandlerFoundException
src/LiteBus.Messaging.Abstractions/Exceptions/NoExecutionContextException.cs	public	class	NoExecutionContextException
src/LiteBus.Messaging.Abstractions/Exceptions/NoHandlerFoundException.cs	public	class	NoHandlerFoundException
src/LiteBus.Messaging.Abstractions/Exceptions/UnsupportedOpenGenericHandlerException.cs	public	class	UnsupportedOpenGenericHandlerException
src/LiteBus.Messaging.Abstractions/Extensions/MessageContextExtensions.cs	public	class	MessageContextExtensions
src/LiteBus.Messaging.Abstractions/Handler/HandlerPriorities.cs	public	class	HandlerPriorities
src/LiteBus.Messaging.Abstractions/Handler/HandlerPriorityAttribute.cs	public	class	HandlerPriorityAttribute
src/LiteBus.Messaging.Abstractions/Handler/HandlerTagAttribute.cs	public	class	HandlerTagAttribute
src/LiteBus.Messaging.Abstractions/Handler/HandlerTagsAttribute.cs	public	class	HandlerTagsAttribute
src/LiteBus.Messaging.Abstractions/Handler/Completion/IMessageCompletionHandler.cs	public	interface	IMessageCompletionHandler
src/LiteBus.Messaging.Abstractions/Handler/Completion/IMessageCompletionHandler[TMessage, TMessageResult].cs	public	interface	IMessageCompletionHandler<TMessage, TMessageResult>
src/LiteBus.Messaging.Abstractions/Handler/Completion/IMessageCompletionHandler[TMessage].cs	public	interface	IMessageCompletionHandler<TMessage>
src/LiteBus.Messaging.Abstractions/Handler/Completion/MediationOutcome.cs	public	enum	MediationOutcome
src/LiteBus.Messaging.Abstractions/Handler/Completion/MessageCompletionContext.cs	public	class	MessageCompletionContext
src/LiteBus.Messaging.Abstractions/Handler/Completion/MessageCompletionContext[TMessage, TMessageResult].cs	public	class	MessageCompletionContext<TMessage, TMessageResult>
src/LiteBus.Messaging.Abstractions/Handler/Completion/MessageCompletionContext[TMessage].cs	public	class	MessageCompletionContext<TMessage>
src/LiteBus.Messaging.Abstractions/Handler/Error/IMessageErrorHandler.cs	public	interface	IMessageErrorHandler
src/LiteBus.Messaging.Abstractions/Handler/Error/IMessageErrorHandler[TMessage, TMessageResult].cs	public	interface	IMessageErrorHandler<TMessage, TMessageResult>
src/LiteBus.Messaging.Abstractions/Handler/Error/IMessageErrorHandler[TMessage].cs	public	interface	IMessageErrorHandler<TMessage>
src/LiteBus.Messaging.Abstractions/Handler/Error/MessageErrorContext.cs	public	class	MessageErrorContext
src/LiteBus.Messaging.Abstractions/Handler/Error/MessageErrorContext[TMessage, TMessageResult].cs	public	class	MessageErrorContext<TMessage, TMessageResult>
src/LiteBus.Messaging.Abstractions/Handler/Error/MessageErrorOutcome.cs	public	enum	MessageErrorOutcome
src/LiteBus.Messaging.Abstractions/Handler/Main/IAsyncMessageHandler[TMessage, TMessageResult].cs	public	interface	IAsyncMessageHandler<in TMessage, TMessageResult>
src/LiteBus.Messaging.Abstractions/Handler/Main/IAsyncMessageHandler[TMessage].cs	public	interface	IAsyncMessageHandler<in TMessage>
src/LiteBus.Messaging.Abstractions/Handler/Main/IMessageHandler.cs	public	interface	IMessageHandler
src/LiteBus.Messaging.Abstractions/Handler/Main/IMessageHandler[TMessage, TMessageResult].cs	public	interface	IMessageHandler<in TMessage, out TMessageResult>
src/LiteBus.Messaging.Abstractions/Handler/Main/IStreamMessageHandler[TMessage, TMessageResult].cs	public	interface	IStreamMessageHandler<in TMessage, out TMessageResult>
src/LiteBus.Messaging.Abstractions/Handler/Post/IMessagePostHandler.cs	public	interface	IMessagePostHandler
src/LiteBus.Messaging.Abstractions/Handler/Post/IMessagePostHandler[TMessage, TMessageResult].cs	public	interface	IMessagePostHandler<in TMessage, in TMessageResult>
src/LiteBus.Messaging.Abstractions/Handler/Pre/IMessageGuard[TMessage].cs	public	interface	IMessageGuard<in TMessage>
src/LiteBus.Messaging.Abstractions/Handler/Pre/IMessagePreHandler[TMessage].cs	public	interface	IMessagePreHandler<in TMessage>
src/LiteBus.Messaging.Abstractions/Handler/Pre/IMessagePreStageHandler.cs	public	interface	IMessagePreStageHandler
src/LiteBus.Messaging.Abstractions/Handler/Pre/IMessageRefusalMapper.cs	public	interface	IMessageRefusalMapper
src/LiteBus.Messaging.Abstractions/Handler/Pre/IMessageRefusalMapper[TMessage, TMessageResult].cs	public	interface	IMessageRefusalMapper<in TMessage, out TMessageResult>
src/LiteBus.Messaging.Abstractions/Handler/Pre/IMessageShortcut[TMessage, TMessageResult].cs	public	interface	IMessageShortcut<in TMessage, TMessageResult>
src/LiteBus.Messaging.Abstractions/Handler/Pre/IMessageShortcut[TMessage].cs	public	interface	IMessageShortcut<in TMessage>
src/LiteBus.Messaging.Abstractions/Handler/Pre/IMessageValidator[TMessage].cs	public	interface	IMessageValidator<in TMessage>
src/LiteBus.Messaging.Abstractions/Handler/Pre/PipelineStage.cs	public	enum	PipelineStage
src/LiteBus.Messaging.Abstractions/Handler/Pre/PipelineStop.cs	public	struct	PipelineStop
src/LiteBus.Messaging.Abstractions/Handler/Pre/PreStageDefinition.cs	internal	record	PreStageDefinition
src/LiteBus.Messaging.Abstractions/Handler/Pre/PreStages.cs	internal	class	PreStages
src/LiteBus.Messaging.Abstractions/Handler/Pre/Refusal.cs	public	struct	Refusal
src/LiteBus.Messaging.Abstractions/Handler/Pre/Shortcut.cs	public	struct	Shortcut
src/LiteBus.Messaging.Abstractions/Handler/Pre/Shortcut[TMessageResult].cs	public	struct	Shortcut<TMessageResult>
src/LiteBus.Messaging.Abstractions/Handler/Pre/StageAggregation.cs	internal	enum	StageAggregation
src/LiteBus.Messaging.Abstractions/Handler/Pre/ValidationFailure.cs	public	struct	ValidationFailure
src/LiteBus.Messaging.Abstractions/Handler/Pre/Validity.cs	public	struct	Validity
src/LiteBus.Messaging.Abstractions/Handler/Pre/Verdict.cs	public	struct	Verdict
src/LiteBus.Messaging.Abstractions/Metadata/IMessageMetadata.cs	public	interface	IMessageMetadata
src/LiteBus.Messaging.Abstractions/Registry/IMessageReader.cs	public	interface	IMessageReader
src/LiteBus.Messaging.Abstractions/Registry/IMessageRegistry.cs	public	interface	IMessageRegistry
src/LiteBus.Messaging.Abstractions/Registry/IMessageWriter.cs	public	interface	IMessageWriter
src/LiteBus.Messaging.Abstractions/Registry/Descriptors/ICompletionHandlerDescriptor.cs	public	interface	ICompletionHandlerDescriptor
src/LiteBus.Messaging.Abstractions/Registry/Descriptors/IErrorHandlerDescriptor.cs	public	interface	IErrorHandlerDescriptor
src/LiteBus.Messaging.Abstractions/Registry/Descriptors/IHandlerDescriptor.cs	public	interface	IHandlerDescriptor
src/LiteBus.Messaging.Abstractions/Registry/Descriptors/IMainHandlerDescriptor.cs	public	interface	IMainHandlerDescriptor
src/LiteBus.Messaging.Abstractions/Registry/Descriptors/IMessageDescriptor.cs	public	interface	IMessageDescriptor
src/LiteBus.Messaging.Abstractions/Registry/Descriptors/IPostHandlerDescriptor.cs	public	interface	IPostHandlerDescriptor
src/LiteBus.Messaging.Abstractions/Registry/Descriptors/IPreHandlerDescriptor.cs	public	interface	IPreHandlerDescriptor
src/LiteBus.Messaging.Abstractions/Registry/Descriptors/IRefusalMapperDescriptor.cs	public	interface	IRefusalMapperDescriptor
src/LiteBus.Messaging.Abstractions/Serialization/IMessageSerializer.cs	public	interface	IMessageSerializer
src/LiteBus.Messaging.Abstractions/Serialization/MessageSerializationException.cs	public	class	MessageSerializationException
src/LiteBus.Outbox/LiteBusOutboxTelemetry.cs	public	class	LiteBusOutboxTelemetry
src/LiteBus.Outbox/ModuleRegistryExtensions.cs	public	class	ModuleRegistryExtensions
src/LiteBus.Outbox/Outbox.cs	public	class	Outbox
src/LiteBus.Outbox/OutboxCleanupBackgroundService.cs	public	class	OutboxCleanupBackgroundService
src/LiteBus.Outbox/OutboxCleanupLogMessages.cs	internal	class	OutboxCleanupLogMessages
src/LiteBus.Outbox/OutboxDiagnosticsTelemetry.cs	internal	class	OutboxDiagnosticsTelemetry
src/LiteBus.Outbox/OutboxEnvelopeFactory.cs	public	class	OutboxEnvelopeFactory
src/LiteBus.Outbox/OutboxManager.cs	internal	class	OutboxManager
src/LiteBus.Outbox/OutboxModule.cs	public	class	OutboxModule
src/LiteBus.Outbox/OutboxModuleBuilder.cs	public	class	OutboxModuleBuilder
src/LiteBus.Outbox/OutboxObservableMetrics.cs	internal	class	OutboxObservableMetrics
src/LiteBus.Outbox/OutboxObservableMetricsInitializer.cs	internal	class	OutboxObservableMetricsInitializer
src/LiteBus.Outbox/OutboxPayloadProtector.cs	internal	class	OutboxPayloadProtector
src/LiteBus.Outbox/OutboxPipelinedMessageProcessorOperations.cs	internal	class	OutboxPipelinedMessageProcessorOperations
src/LiteBus.Outbox/OutboxProcessorBackgroundService.cs	public	class	OutboxProcessorBackgroundService
src/LiteBus.Outbox/OutboxProcessorControl.cs	public	class	OutboxProcessorControl
src/LiteBus.Outbox/OutboxProcessorEnvelopeAdapter.cs	internal	class	OutboxProcessorEnvelopeAdapter
src/LiteBus.Outbox/OutboxProcessorEnvelopeHandler.cs	internal	class	OutboxProcessorEnvelopeHandler
src/LiteBus.Outbox/OutboxProcessorFactory.cs	internal	class	OutboxProcessorFactory
src/LiteBus.Outbox/OutboxProcessorLogMessages.cs	internal	class	OutboxProcessorLogMessages
src/LiteBus.Outbox/OutboxProcessorPassRecorder.cs	internal	class	OutboxProcessorPassRecorder
src/LiteBus.Outbox/OutboxProcessorTelemetry.cs	internal	class	OutboxProcessorTelemetry
src/LiteBus.Outbox/OutboxRetentionCoordinator.cs	public	class	OutboxRetentionCoordinator
src/LiteBus.Outbox/OutboxWriterCore.cs	public	class	OutboxWriterCore
src/LiteBus.Outbox/PipelinedOutboxProcessor.cs	public	class	PipelinedOutboxProcessor
src/LiteBus.Outbox/StoreBoundTransactionalOutbox.cs	public	class	StoreBoundTransactionalOutbox
src/LiteBus.Outbox.Abstractions/DiagnosticCheckRegistration.cs	internal	record	DiagnosticCheckRegistration
src/LiteBus.Outbox.Abstractions/IOutbox.cs	public	interface	IOutbox
src/LiteBus.Outbox.Abstractions/IOutboxDispatcherModule.cs	public	interface	IOutboxDispatcherModule
src/LiteBus.Outbox.Abstractions/IOutboxEnvelopeFactory.cs	public	interface	IOutboxEnvelopeFactory
src/LiteBus.Outbox.Abstractions/IOutboxManager.cs	public	interface	IOutboxManager
src/LiteBus.Outbox.Abstractions/IOutboxPayloadProtector.cs	public	interface	IOutboxPayloadProtector
src/LiteBus.Outbox.Abstractions/IOutboxStorageModule.cs	public	interface	IOutboxStorageModule
src/LiteBus.Outbox.Abstractions/ITransactionalOutbox.cs	public	interface	ITransactionalOutbox
src/LiteBus.Outbox.Abstractions/ITransactionalOutbox[TContext].cs	public	interface	ITransactionalOutbox<TContext>
src/LiteBus.Outbox.Abstractions/OutboxAppendResult.cs	public	record	OutboxAppendResult
src/LiteBus.Outbox.Abstractions/OutboxCleanupHostOptions.cs	public	class	OutboxCleanupHostOptions
src/LiteBus.Outbox.Abstractions/OutboxDeadLetterStoreExtensions.cs	public	class	OutboxDeadLetterStoreExtensions
src/LiteBus.Outbox.Abstractions/OutboxEnqueueItem.cs	public	record	OutboxEnqueueItem
src/LiteBus.Outbox.Abstractions/OutboxEnqueueItem[TEvent].cs	public	record	OutboxEnqueueItem<TEvent>
src/LiteBus.Outbox.Abstractions/OutboxEnqueueMetadata.cs	public	record	OutboxEnqueueMetadata
src/LiteBus.Outbox.Abstractions/OutboxEnqueueOutcome.cs	public	enum	OutboxEnqueueOutcome
src/LiteBus.Outbox.Abstractions/OutboxPollingWorkSignal.cs	public	class	OutboxPollingWorkSignal
src/LiteBus.Outbox.Abstractions/OutboxReceipt.cs	public	record	OutboxReceipt
src/LiteBus.Outbox.Abstractions/OutboxReceiptMapper.cs	internal	class	OutboxReceiptMapper
src/LiteBus.Outbox.Abstractions/OutboxReceipt[TEvent].cs	public	record	OutboxReceipt<TEvent>
src/LiteBus.Outbox.Abstractions/OutboxStoreExtensions.cs	public	class	OutboxStoreExtensions
src/LiteBus.Outbox.Abstractions/PublicationTarget.cs	public	record	PublicationTarget
src/LiteBus.Outbox.Abstractions/PublicationTarget.cs	public	record	ContractDefault
src/LiteBus.Outbox.Abstractions/PublicationTarget.cs	public	record	Topic
src/LiteBus.Outbox.Abstractions/PublicationTarget.cs	public	record	Exchange
src/LiteBus.Outbox.Abstractions/PublicationTarget.cs	public	record	Queue
src/LiteBus.Outbox.Abstractions/RequeueResult.cs	public	record	RequeueResult
src/LiteBus.Outbox.Abstractions/Envelopes/OutboxEnvelope.cs	public	record	OutboxEnvelope
src/LiteBus.Outbox.Abstractions/Envelopes/OutboxStatus.cs	public	enum	OutboxStatus
src/LiteBus.Outbox.Abstractions/Exceptions/LiteBusDispatchException.cs	public	class	LiteBusDispatchException
src/LiteBus.Outbox.Abstractions/Exceptions/OutboxManagementException.cs	public	class	OutboxManagementException
src/LiteBus.Outbox.Abstractions/Processing/IOutboxDispatcher.cs	public	interface	IOutboxDispatcher
src/LiteBus.Outbox.Abstractions/Processing/IOutboxProcessor.cs	public	interface	IOutboxProcessor
src/LiteBus.Outbox.Abstractions/Processing/IOutboxProcessorControl.cs	public	interface	IOutboxProcessorControl
src/LiteBus.Outbox.Abstractions/Processing/IOutboxWorkSignal.cs	public	interface	IOutboxWorkSignal
src/LiteBus.Outbox.Abstractions/Processing/OutboxProcessorHostOptions.cs	public	class	OutboxProcessorHostOptions
src/LiteBus.Outbox.Abstractions/Processing/OutboxProcessorOptions.cs	public	record	OutboxProcessorOptions
src/LiteBus.Outbox.Abstractions/Processing/ProcessorState.cs	public	enum	ProcessorState
src/LiteBus.Outbox.Abstractions/Store/IOutboxDeadLetterStore.cs	public	interface	IOutboxDeadLetterStore
src/LiteBus.Outbox.Abstractions/Store/IOutboxDiagnosticsStore.cs	public	interface	IOutboxDiagnosticsStore
src/LiteBus.Outbox.Abstractions/Store/IOutboxLeaseStore.cs	public	interface	IOutboxLeaseStore
src/LiteBus.Outbox.Abstractions/Store/IOutboxMessageQuery.cs	public	interface	IOutboxMessageQuery
src/LiteBus.Outbox.Abstractions/Store/IOutboxOperationsStore.cs	public	interface	IOutboxOperationsStore
src/LiteBus.Outbox.Abstractions/Store/IOutboxProcessingStore.cs	public	interface	IOutboxProcessingStore
src/LiteBus.Outbox.Abstractions/Store/IOutboxPurgeStore.cs	public	interface	IOutboxPurgeStore
src/LiteBus.Outbox.Abstractions/Store/IOutboxRetentionStore.cs	public	interface	IOutboxRetentionStore
src/LiteBus.Outbox.Abstractions/Store/IOutboxStateWriter.cs	public	interface	IOutboxStateWriter
src/LiteBus.Outbox.Abstractions/Store/IOutboxStore.cs	public	interface	IOutboxStore
src/LiteBus.Outbox.Abstractions/Store/ITransactionalOutboxStore.cs	public	interface	ITransactionalOutboxStore
src/LiteBus.Outbox.Abstractions/Store/OutboxLeaseRequest.cs	public	record	OutboxLeaseRequest
src/LiteBus.Outbox.Abstractions/Store/OutboxMessageFilter.cs	public	record	OutboxMessageFilter
src/LiteBus.Outbox.Abstractions/Store/OutboxMessageFilterExtensions.cs	public	class	OutboxMessageFilterExtensions
src/LiteBus.Outbox.Abstractions/Store/OutboxMessagePage.cs	public	record	OutboxMessagePage
src/LiteBus.Outbox.Abstractions/Store/OutboxMessagePageCursor.cs	public	class	OutboxMessagePageCursor
src/LiteBus.Outbox.Abstractions/Store/OutboxMessagePageRequest.cs	public	record	OutboxMessagePageRequest
src/LiteBus.Outbox.Dispatch/OutboxTransportEnvelopeMapper.cs	internal	class	OutboxTransportEnvelopeMapper
src/LiteBus.Outbox.Dispatch/TransportOutboxDispatchModule[TTransportModule].cs	public	class	TransportOutboxDispatchModule<TTransportModule>
src/LiteBus.Outbox.Dispatch/TransportOutboxDispatcher.cs	public	class	TransportOutboxDispatcher
src/LiteBus.Outbox.Dispatch/TransportOutboxDispatcherOptions.cs	public	class	TransportOutboxDispatcherOptions
src/LiteBus.Outbox.Dispatch.Amqp/OutboxModuleBuilderAmqpDispatchExtensions.cs	public	class	OutboxModuleBuilderAmqpDispatchExtensions
src/LiteBus.Outbox.Dispatch.AwsSqs/OutboxModuleBuilderAwsDispatchExtensions.cs	public	class	OutboxModuleBuilderAwsDispatchExtensions
src/LiteBus.Outbox.Dispatch.AzureServiceBus/OutboxModuleBuilderAzureServiceBusDispatchExtensions.cs	public	class	OutboxModuleBuilderAzureServiceBusDispatchExtensions
src/LiteBus.Outbox.Dispatch.InMemory/OutboxModuleBuilderInMemoryDispatchExtensions.cs	public	class	OutboxModuleBuilderInMemoryDispatchExtensions
src/LiteBus.Outbox.Dispatch.InProcess/EventOutboxDispatchModule.cs	public	class	EventOutboxDispatchModule
src/LiteBus.Outbox.Dispatch.InProcess/EventOutboxDispatcher.cs	public	class	EventOutboxDispatcher
src/LiteBus.Outbox.Dispatch.InProcess/OutboxModuleBuilderEventDispatchExtensions.cs	public	class	OutboxModuleBuilderEventDispatchExtensions
src/LiteBus.Outbox.Dispatch.Kafka/OutboxModuleBuilderKafkaDispatchExtensions.cs	public	class	OutboxModuleBuilderKafkaDispatchExtensions
src/LiteBus.Outbox.Extensions.OpenTelemetry/LiteBusOutboxOpenTelemetryExtensions.cs	public	class	LiteBusOutboxOpenTelemetryExtensions
src/LiteBus.Outbox.Storage.EntityFrameworkCore/EfCoreOutboxDbContextFactory[TContext].cs	internal	class	EfCoreOutboxDbContextFactory<TContext>
src/LiteBus.Outbox.Storage.EntityFrameworkCore/EfCoreOutboxStorageModule.cs	public	class	EfCoreOutboxStorageModule
src/LiteBus.Outbox.Storage.EntityFrameworkCore/EfCoreOutboxStorageModuleBuilder.cs	public	class	EfCoreOutboxStorageModuleBuilder
src/LiteBus.Outbox.Storage.EntityFrameworkCore/EfCoreOutboxStore.cs	public	class	EfCoreOutboxStore
src/LiteBus.Outbox.Storage.EntityFrameworkCore/EntityFrameworkCoreOutboxStoreOptions.cs	public	record	EntityFrameworkCoreOutboxStoreOptions
src/LiteBus.Outbox.Storage.EntityFrameworkCore/IEfCoreOutboxDbContextFactory.cs	internal	interface	IEfCoreOutboxDbContextFactory
src/LiteBus.Outbox.Storage.EntityFrameworkCore/IOutboxDbContext.cs	public	interface	IOutboxDbContext
src/LiteBus.Outbox.Storage.EntityFrameworkCore/LiteBusOutboxSaveChangesInterceptor.cs	public	class	LiteBusOutboxSaveChangesInterceptor
src/LiteBus.Outbox.Storage.EntityFrameworkCore/OutboxDbContextExtensions.cs	public	class	OutboxDbContextExtensions
src/LiteBus.Outbox.Storage.EntityFrameworkCore/OutboxEntityFrameworkCoreModelExtensions.cs	public	class	OutboxEntityFrameworkCoreModelExtensions
src/LiteBus.Outbox.Storage.EntityFrameworkCore/OutboxMessageEntity.cs	public	class	OutboxMessageEntity
src/LiteBus.Outbox.Storage.EntityFrameworkCore/OutboxModuleBuilderEfCoreExtensions.cs	public	class	OutboxModuleBuilderEfCoreExtensions
src/LiteBus.Outbox.Storage.EntityFrameworkCore/TransactionalOutbox[TContext].cs	public	class	TransactionalOutbox<TContext>
src/LiteBus.Outbox.Storage.InMemory/InMemoryOutboxStorageModule.cs	public	class	InMemoryOutboxStorageModule
src/LiteBus.Outbox.Storage.InMemory/InMemoryOutboxStorageModuleBuilder.cs	public	class	InMemoryOutboxStorageModuleBuilder
src/LiteBus.Outbox.Storage.InMemory/InMemoryOutboxStore.cs	public	class	InMemoryOutboxStore
src/LiteBus.Outbox.Storage.InMemory/InMemoryOutboxStoreOptions.cs	public	record	InMemoryOutboxStoreOptions
src/LiteBus.Outbox.Storage.InMemory/OutboxModuleBuilderInMemoryExtensions.cs	public	class	OutboxModuleBuilderInMemoryExtensions
src/LiteBus.Outbox.Storage.InMemory/Exceptions/OutboxStorageException.cs	public	class	OutboxStorageException
src/LiteBus.Outbox.Storage.PostgreSql/OutboxModuleBuilderPostgreSqlExtensions.cs	public	class	OutboxModuleBuilderPostgreSqlExtensions
src/LiteBus.Outbox.Storage.PostgreSql/PostgreSqlOutboxModule.cs	public	class	PostgreSqlOutboxModule
src/LiteBus.Outbox.Storage.PostgreSql/PostgreSqlOutboxModuleBuilder.cs	public	class	PostgreSqlOutboxModuleBuilder
src/LiteBus.Outbox.Storage.PostgreSql/PostgreSqlOutboxNotifyChannel.cs	public	class	PostgreSqlOutboxNotifyChannel
src/LiteBus.Outbox.Storage.PostgreSql/PostgreSqlOutboxSchema.cs	public	class	PostgreSqlOutboxSchema
src/LiteBus.Outbox.Storage.PostgreSql/PostgreSqlOutboxSchemaDiagnosticCheck.cs	public	class	PostgreSqlOutboxSchemaDiagnosticCheck
src/LiteBus.Outbox.Storage.PostgreSql/PostgreSqlOutboxSchemaEmbeddedSql.cs	internal	class	PostgreSqlOutboxSchemaEmbeddedSql
src/LiteBus.Outbox.Storage.PostgreSql/PostgreSqlOutboxSchemaInitializer.cs	public	class	PostgreSqlOutboxSchemaInitializer
src/LiteBus.Outbox.Storage.PostgreSql/PostgreSqlOutboxSchemaScripts.cs	internal	class	PostgreSqlOutboxSchemaScripts
src/LiteBus.Outbox.Storage.PostgreSql/PostgreSqlOutboxSchemaSqlPaths.cs	public	class	PostgreSqlOutboxSchemaSqlPaths
src/LiteBus.Outbox.Storage.PostgreSql/PostgreSqlOutboxStore.cs	public	class	PostgreSqlOutboxStore
src/LiteBus.Outbox.Storage.PostgreSql/PostgreSqlOutboxStoreOptions.cs	public	record	PostgreSqlOutboxStoreOptions
src/LiteBus.Outbox.Storage.PostgreSql/PostgreSqlOutboxStoreRegistration.cs	public	class	PostgreSqlOutboxStoreRegistration
src/LiteBus.Outbox.Storage.PostgreSql/PostgreSqlOutboxWorkSignal.cs	public	class	PostgreSqlOutboxWorkSignal
src/LiteBus.Outbox.Storage.PostgreSql/PostgreSqlTransactionalOutboxParticipant.cs	public	class	PostgreSqlTransactionalOutboxParticipant
src/LiteBus.Outbox.Storage.PostgreSql/Exceptions/OutboxPostgreSqlStorageConfigurationException.cs	public	class	OutboxPostgreSqlStorageConfigurationException
src/LiteBus.Queries/ModuleRegistryExtensions.cs	public	class	ModuleRegistryExtensions
src/LiteBus.Queries/QueryAuditCompletionHandler.cs	internal	class	QueryAuditCompletionHandler
src/LiteBus.Queries/QueryMediator.cs	public	class	QueryMediator
src/LiteBus.Queries/QueryModule.cs	public	class	QueryModule
src/LiteBus.Queries/QueryModuleBuilder.cs	public	class	QueryModuleBuilder
src/LiteBus.Queries.Abstractions/IQuery.cs	public	interface	IQuery
src/LiteBus.Queries.Abstractions/IQueryCompletionHandler.cs	public	interface	IQueryCompletionHandler
src/LiteBus.Queries.Abstractions/IQueryCompletionHandler[TQuery, TQueryResult].cs	public	interface	IQueryCompletionHandler<TQuery, TQueryResult>
src/LiteBus.Queries.Abstractions/IQueryCompletionHandler[TQuery].cs	public	interface	IQueryCompletionHandler<TQuery>
src/LiteBus.Queries.Abstractions/IQueryErrorHandler.cs	public	interface	IQueryErrorHandler
src/LiteBus.Queries.Abstractions/IQueryErrorHandler[TQuery, TQueryResult].cs	public	interface	IQueryErrorHandler<TQuery, TQueryResult>
src/LiteBus.Queries.Abstractions/IQueryErrorHandler[TQuery].cs	public	interface	IQueryErrorHandler<TQuery>
src/LiteBus.Queries.Abstractions/IQueryGuard[TQuery].cs	public	interface	IQueryGuard<in TQuery>
src/LiteBus.Queries.Abstractions/IQueryHandler[TQuery, TQueryResult].cs	public	interface	IQueryHandler<in TQuery, TQueryResult>
src/LiteBus.Queries.Abstractions/IQueryMediator.cs	public	interface	IQueryMediator
src/LiteBus.Queries.Abstractions/IQueryPostHandler.cs	public	interface	IQueryPostHandler
src/LiteBus.Queries.Abstractions/IQueryPostHandler[TQuery, TQueryResult].cs	public	interface	IQueryPostHandler<in TQuery, in TQueryResult>
src/LiteBus.Queries.Abstractions/IQueryPostHandler[TQuery].cs	public	interface	IQueryPostHandler<in TQuery>
src/LiteBus.Queries.Abstractions/IQueryPreHandler.cs	public	interface	IQueryPreHandler
src/LiteBus.Queries.Abstractions/IQueryPreHandler[TQuery].cs	public	interface	IQueryPreHandler<in TQuery>
src/LiteBus.Queries.Abstractions/IQueryRefusalMapper[TQuery, TQueryResult].cs	public	interface	IQueryRefusalMapper<in TQuery, out TQueryResult>
src/LiteBus.Queries.Abstractions/IQueryShortcut[TQuery, TQueryResult].cs	public	interface	IQueryShortcut<in TQuery, TQueryResult>
src/LiteBus.Queries.Abstractions/IQueryValidator[TQuery].cs	public	interface	IQueryValidator<in TQuery>
src/LiteBus.Queries.Abstractions/IQuery[TQueryResult].cs	public	interface	IQuery<TQueryResult>
src/LiteBus.Queries.Abstractions/IStreamQueryHandler[TQuery, TQueryResult].cs	public	interface	IStreamQueryHandler<in TQuery, out TQueryResult>
src/LiteBus.Queries.Abstractions/IStreamQueryPostHandler[TQuery, TQueryResult].cs	public	interface	IStreamQueryPostHandler<in TQuery, in TQueryResult>
src/LiteBus.Queries.Abstractions/IStreamQueryRefusalMapper[TQuery, TQueryResult].cs	public	interface	IStreamQueryRefusalMapper<in TQuery, out TQueryResult>
src/LiteBus.Queries.Abstractions/IStreamQueryShortcut[TQuery, TQueryResult].cs	public	interface	IStreamQueryShortcut<in TQuery, TQueryResult>
src/LiteBus.Queries.Abstractions/IStreamQuery[TQueryResult].cs	public	interface	IStreamQuery<out TQueryResult>
src/LiteBus.Queries.Abstractions/QueryMediationSettings.cs	public	class	QueryMediationSettings
src/LiteBus.Queries.Abstractions/QueryRoutingSettings.cs	public	class	QueryRoutingSettings
src/LiteBus.Queries.Abstractions/Extensions/QueryMediatorExtensions.cs	public	class	QueryMediatorExtensions
src/LiteBus.Runtime/Composition/LiteBusBuilder.cs	public	class	LiteBusBuilder
src/LiteBus.Runtime/Dependencies/DependencyRegistrationTracker.cs	internal	class	DependencyRegistrationTracker
src/LiteBus.Runtime/Dependencies/DependencyRegistry.cs	public	class	DependencyRegistry
src/LiteBus.Runtime/Dependencies/RootMessageDispatchScopeFactory.cs	public	class	RootMessageDispatchScopeFactory
src/LiteBus.Runtime/Modules/ModuleConfiguration.cs	internal	class	ModuleConfiguration
src/LiteBus.Runtime/Modules/ModuleRegistry.cs	internal	class	ModuleRegistry
src/LiteBus.Runtime.Abstractions/BackgroundServices/IBackgroundService.cs	public	interface	IBackgroundService
src/LiteBus.Runtime.Abstractions/Composition/ILiteBusBuilder.cs	public	interface	ILiteBusBuilder
src/LiteBus.Runtime.Abstractions/Dependencies/DependencyDescriptor.cs	public	class	DependencyDescriptor
src/LiteBus.Runtime.Abstractions/Dependencies/IDependencyRegistry.cs	public	interface	IDependencyRegistry
src/LiteBus.Runtime.Abstractions/Dependencies/IMessageDispatchScope.cs	public	interface	IMessageDispatchScope
src/LiteBus.Runtime.Abstractions/Dependencies/IMessageDispatchScopeFactory.cs	public	interface	IMessageDispatchScopeFactory
src/LiteBus.Runtime.Abstractions/Dependencies/InstanceLifetime.cs	public	enum	InstanceLifetime
src/LiteBus.Runtime.Abstractions/Diagnostics/DiagnosticAggregateStatus.cs	public	enum	DiagnosticAggregateStatus
src/LiteBus.Runtime.Abstractions/Diagnostics/DiagnosticCheckDescriptor.cs	public	record	DiagnosticCheckDescriptor
src/LiteBus.Runtime.Abstractions/Diagnostics/DiagnosticCheckExecution.cs	public	class	DiagnosticCheckExecution
src/LiteBus.Runtime.Abstractions/Diagnostics/DiagnosticCheckNameMismatchException.cs	public	class	DiagnosticCheckNameMismatchException
src/LiteBus.Runtime.Abstractions/Diagnostics/DiagnosticCheckRunOptions.cs	public	record	DiagnosticCheckRunOptions
src/LiteBus.Runtime.Abstractions/Diagnostics/DiagnosticCheckRunResult.cs	public	record	DiagnosticCheckRunResult
src/LiteBus.Runtime.Abstractions/Diagnostics/DiagnosticCheckRunner.cs	public	class	DiagnosticCheckRunner
src/LiteBus.Runtime.Abstractions/Diagnostics/DiagnosticProbeOutcome.cs	public	record	DiagnosticProbeOutcome
src/LiteBus.Runtime.Abstractions/Diagnostics/DiagnosticResult.cs	public	record	DiagnosticResult
src/LiteBus.Runtime.Abstractions/Diagnostics/DiagnosticStatus.cs	public	enum	DiagnosticStatus
src/LiteBus.Runtime.Abstractions/Diagnostics/IDiagnosticCheck.cs	public	interface	IDiagnosticCheck
src/LiteBus.Runtime.Abstractions/Diagnostics/RetentionRunStatus.cs	public	record	RetentionRunStatus
src/LiteBus.Runtime.Abstractions/Diagnostics/StoreSchemaInfo.cs	public	record	StoreSchemaInfo
src/LiteBus.Runtime.Abstractions/Diagnostics/W3CTraceContextParser.cs	public	class	W3CTraceContextParser
src/LiteBus.Runtime.Abstractions/Exceptions/LiteBusConfigurationException.cs	public	class	LiteBusConfigurationException
src/LiteBus.Runtime.Abstractions/Exceptions/LiteBusDependencyResolutionException.cs	public	class	LiteBusDependencyResolutionException
src/LiteBus.Runtime.Abstractions/Exceptions/LiteBusNotSupportedException.cs	public	class	LiteBusNotSupportedException
src/LiteBus.Runtime.Abstractions/Exceptions/LiteBusTimeoutException.cs	public	class	LiteBusTimeoutException
src/LiteBus.Runtime.Abstractions/Extensions/ServiceProviderExtensions.cs	public	class	ServiceProviderExtensions
src/LiteBus.Runtime.Abstractions/Hosting/LiteBusHostManifest.cs	public	class	LiteBusHostManifest
src/LiteBus.Runtime.Abstractions/Modules/CompositeModuleBuildOrder.cs	public	enum	CompositeModuleBuildOrder
src/LiteBus.Runtime.Abstractions/Modules/ICompositeModule.cs	public	interface	ICompositeModule
src/LiteBus.Runtime.Abstractions/Modules/IModule.cs	public	interface	IModule
src/LiteBus.Runtime.Abstractions/Modules/IModuleConfiguration.cs	public	interface	IModuleConfiguration
src/LiteBus.Runtime.Abstractions/Modules/IModuleRegistry.cs	public	interface	IModuleRegistry
src/LiteBus.Runtime.Abstractions/Modules/IRequires[TModule].cs	public	interface	IRequires<TModule> where TModule
src/LiteBus.Runtime.Abstractions/Modules/ModuleDescriptor.cs	public	struct	ModuleDescriptor
src/LiteBus.Runtime.Abstractions/StartupTasks/IStartupTask.cs	public	interface	IStartupTask
src/LiteBus.Runtime.Extensions.Autofac/AutofacDependencyRegistryAdapter.cs	internal	class	AutofacDependencyRegistryAdapter
src/LiteBus.Runtime.Extensions.Autofac/AutofacMessageDispatchScopeFactory.cs	internal	class	AutofacMessageDispatchScopeFactory
src/LiteBus.Runtime.Extensions.Autofac/AutofacServiceProviderAdapter.cs	internal	class	AutofacServiceProviderAdapter
src/LiteBus.Runtime.Extensions.Autofac/ContainerBuilderExtensions.cs	public	class	ContainerBuilderExtensions
src/LiteBus.Runtime.Extensions.Autofac.Hosting/AutofacBackgroundServiceHostingExtensions.cs	public	class	AutofacBackgroundServiceHostingExtensions
src/LiteBus.Runtime.Extensions.Autofac.Hosting/AutofacDiagnosticHostingExtensions.cs	public	class	AutofacDiagnosticHostingExtensions
src/LiteBus.Runtime.Extensions.Hosting/BackgroundServiceHostWrapper.cs	internal	class	BackgroundServiceHostWrapper
src/LiteBus.Runtime.Extensions.Hosting/HostingRegistrationHelpers.cs	internal	class	HostingRegistrationHelpers
src/LiteBus.Runtime.Extensions.Hosting/LiteBusHostOrchestrator.cs	internal	class	LiteBusHostOrchestrator
src/LiteBus.Runtime.Extensions.Microsoft.DependencyInjection/MicrosoftDependencyRegistryAdapter.cs	internal	class	MicrosoftDependencyRegistryAdapter
src/LiteBus.Runtime.Extensions.Microsoft.DependencyInjection/MicrosoftMessageDispatchScopeFactory.cs	internal	class	MicrosoftMessageDispatchScopeFactory
src/LiteBus.Runtime.Extensions.Microsoft.DependencyInjection/ServiceCollectionExtensions.cs	public	class	ServiceCollectionExtensions
src/LiteBus.Runtime.Extensions.Microsoft.Hosting/BackgroundServiceHostedServiceExtensions.cs	public	class	BackgroundServiceHostedServiceExtensions
src/LiteBus.Runtime.Extensions.Microsoft.Hosting/BackgroundServiceHostedServiceIndex.cs	internal	class	BackgroundServiceHostedServiceIndex
src/LiteBus.Runtime.Extensions.Microsoft.Hosting/MicrosoftBackgroundServiceHostingExtensions.cs	public	class	MicrosoftBackgroundServiceHostingExtensions
src/LiteBus.Runtime.Extensions.Microsoft.Hosting/MicrosoftDiagnosticHostingExtensions.cs	public	class	MicrosoftDiagnosticHostingExtensions
src/LiteBus.Saga/InMemorySagaStorageModule.cs	public	class	InMemorySagaStorageModule
src/LiteBus.Saga/InMemorySagaStore.cs	public	class	InMemorySagaStore
src/LiteBus.Saga/SagaCorrelationKey.cs	internal	class	SagaCorrelationKey
src/LiteBus.Saga/SagaExecutionContext.cs	public	class	SagaExecutionContext
src/LiteBus.Saga/SagaModule.cs	public	class	SagaModule
src/LiteBus.Saga/SagaModuleBuilder.cs	public	class	SagaModuleBuilder
src/LiteBus.Saga/SagaProcessorHook.cs	public	class	SagaProcessorHook
src/LiteBus.Saga/SagaStateTypeRegistry.cs	public	class	SagaStateTypeRegistry
src/LiteBus.Saga/SagaStorageKey.cs	internal	struct	SagaStorageKey
src/LiteBus.Saga/SagaStoreInvoker.cs	internal	class	SagaStoreInvoker
src/LiteBus.Saga.Abstractions/ISagaContext.cs	public	interface	ISagaContext
src/LiteBus.Saga.Abstractions/ISagaStateTypeRegistry.cs	public	interface	ISagaStateTypeRegistry
src/LiteBus.Saga.Abstractions/ISagaStorageModule.cs	public	interface	ISagaStorageModule
src/LiteBus.Saga.Abstractions/ISagaStore.cs	public	interface	ISagaStore
src/LiteBus.Saga.Abstractions/SagaCompleteItem.cs	public	record	SagaCompleteItem
src/LiteBus.Saga.Abstractions/SagaConcurrencyException.cs	public	class	SagaConcurrencyException
src/LiteBus.Saga.Abstractions/SagaCorrelation.cs	public	record	SagaCorrelation
src/LiteBus.Saga.Abstractions/SagaInstanceSummary.cs	public	record	SagaInstanceSummary
src/LiteBus.Saga.Abstractions/SagaInstance[TState].cs	public	class	SagaInstance<TState>
src/LiteBus.Saga.Abstractions/SagaPurgeFilter.cs	public	record	SagaPurgeFilter
src/LiteBus.Saga.Abstractions/SagaQueryFilter.cs	public	record	SagaQueryFilter
src/LiteBus.Saga.Abstractions/SagaSaveItem[TState].cs	public	record	SagaSaveItem<TState>
src/LiteBus.Saga.InboxIntegration/InboxModuleBuilderSagaExtensions.cs	public	class	InboxModuleBuilderSagaExtensions
src/LiteBus.Saga.InboxIntegration/SagaInboxCommandScopeModule.cs	public	class	SagaInboxCommandScopeModule
src/LiteBus.Saga.InboxIntegration/SagaInboxCommandScopePreHandler.cs	internal	class	SagaInboxCommandScopePreHandler
src/LiteBus.Saga.Storage.PostgreSql/PostgreSqlSagaModule.cs	public	class	PostgreSqlSagaModule
src/LiteBus.Saga.Storage.PostgreSql/PostgreSqlSagaModuleBuilder.cs	public	class	PostgreSqlSagaModuleBuilder
src/LiteBus.Saga.Storage.PostgreSql/PostgreSqlSagaSchema.cs	public	class	PostgreSqlSagaSchema
src/LiteBus.Saga.Storage.PostgreSql/PostgreSqlSagaSchemaEmbeddedSql.cs	internal	class	PostgreSqlSagaSchemaEmbeddedSql
src/LiteBus.Saga.Storage.PostgreSql/PostgreSqlSagaSchemaInitializer.cs	public	class	PostgreSqlSagaSchemaInitializer
src/LiteBus.Saga.Storage.PostgreSql/PostgreSqlSagaSchemaScripts.cs	internal	class	PostgreSqlSagaSchemaScripts
src/LiteBus.Saga.Storage.PostgreSql/PostgreSqlSagaSchemaSqlPaths.cs	public	class	PostgreSqlSagaSchemaSqlPaths
src/LiteBus.Saga.Storage.PostgreSql/PostgreSqlSagaStore.cs	public	class	PostgreSqlSagaStore
src/LiteBus.Saga.Storage.PostgreSql/PostgreSqlSagaStoreOptions.cs	public	record	PostgreSqlSagaStoreOptions
src/LiteBus.Saga.Storage.PostgreSql/PostgreSqlSagaStoreRegistration.cs	public	class	PostgreSqlSagaStoreRegistration
src/LiteBus.Saga.Storage.PostgreSql/SagaModuleBuilderPostgreSqlExtensions.cs	public	class	SagaModuleBuilderPostgreSqlExtensions
src/LiteBus.Storage.EntityFrameworkCore/EfCoreDatabaseClock.cs	internal	class	EfCoreDatabaseClock
src/LiteBus.Storage.EntityFrameworkCore/EfCoreDateTimeOffsetModelExtensions.cs	internal	class	EfCoreDateTimeOffsetModelExtensions
src/LiteBus.Storage.EntityFrameworkCore/EfCoreJsonTextNormalizer.cs	internal	class	EfCoreJsonTextNormalizer
src/LiteBus.Storage.EntityFrameworkCore/EfCoreProviderResolver.cs	public	class	EfCoreProviderResolver
src/LiteBus.Storage.EntityFrameworkCore/EfCoreRelationalLeaseExecutor.cs	internal	class	EfCoreRelationalLeaseExecutor
src/LiteBus.Storage.EntityFrameworkCore/EfCoreRelationalModelColumnTypes.cs	public	class	EfCoreRelationalModelColumnTypes
src/LiteBus.Storage.EntityFrameworkCore/EfCoreRelationalProviderNames.cs	public	class	EfCoreRelationalProviderNames
src/LiteBus.Storage.EntityFrameworkCore/EfCoreRelationalTableQualifier.cs	public	class	EfCoreRelationalTableQualifier
src/LiteBus.Storage.EntityFrameworkCore/EfCoreStorageProvider.cs	public	enum	EfCoreStorageProvider
src/LiteBus.Storage.EntityFrameworkCore/Exceptions/EfCoreStorageNotSupportedException.cs	public	class	EfCoreStorageNotSupportedException
src/LiteBus.Storage.EntityFrameworkCore/Leasing/EfCoreLeaseComponent.cs	internal	enum	EfCoreLeaseComponent
src/LiteBus.Storage.EntityFrameworkCore/Leasing/EfCoreLeaseTableMetadata.cs	internal	class	EfCoreLeaseTableMetadata
src/LiteBus.Storage.EntityFrameworkCore/Leasing/EfCoreMySqlLeaseSql.cs	internal	class	EfCoreMySqlLeaseSql
src/LiteBus.Storage.EntityFrameworkCore/Leasing/EfCorePostgreSqlLeaseSql.cs	internal	class	EfCorePostgreSqlLeaseSql
src/LiteBus.Storage.EntityFrameworkCore/Leasing/EfCoreSqlServerLeaseSql.cs	internal	class	EfCoreSqlServerLeaseSql
src/LiteBus.Storage.EntityFrameworkCore/Stores/EfCoreBulkUpdateCapabilities.cs	internal	class	EfCoreBulkUpdateCapabilities
src/LiteBus.Storage.EntityFrameworkCore/Stores/EfCoreDurableStoreOperations.cs	internal	class	EfCoreDurableStoreOperations
src/LiteBus.Storage.EntityFrameworkCore/Stores/EfCoreIdempotencyResolution.cs	internal	class	EfCoreIdempotencyResolution
src/LiteBus.Storage.PostgreSql/IPostgreSqlSchemaLogger.cs	public	interface	IPostgreSqlSchemaLogger
src/LiteBus.Storage.PostgreSql/IPostgreSqlStoreTableOptions.cs	public	interface	IPostgreSqlStoreTableOptions
src/LiteBus.Storage.PostgreSql/IPostgreSqlTransactionProvider.cs	public	interface	IPostgreSqlTransactionProvider
src/LiteBus.Storage.PostgreSql/NullPostgreSqlSchemaLogger.cs	public	class	NullPostgreSqlSchemaLogger
src/LiteBus.Storage.PostgreSql/PostgreSqlAdvisoryLockScope.cs	internal	class	PostgreSqlAdvisoryLockScope
src/LiteBus.Storage.PostgreSql/PostgreSqlComponentSchemaDefinition.cs	internal	class	PostgreSqlComponentSchemaDefinition
src/LiteBus.Storage.PostgreSql/PostgreSqlDataSourceFactory.cs	public	class	PostgreSqlDataSourceFactory
src/LiteBus.Storage.PostgreSql/PostgreSqlIdentifier.cs	public	class	PostgreSqlIdentifier
src/LiteBus.Storage.PostgreSql/PostgreSqlSchemaComponents.cs	public	class	PostgreSqlSchemaComponents
src/LiteBus.Storage.PostgreSql/PostgreSqlSchemaDriftException.cs	public	class	PostgreSqlSchemaDriftException
src/LiteBus.Storage.PostgreSql/PostgreSqlSchemaEmbeddedSql.cs	internal	class	PostgreSqlSchemaEmbeddedSql
src/LiteBus.Storage.PostgreSql/PostgreSqlSchemaExecutor.cs	internal	class	PostgreSqlSchemaExecutor
src/LiteBus.Storage.PostgreSql/PostgreSqlSchemaInspector.cs	internal	class	PostgreSqlSchemaInspector
src/LiteBus.Storage.PostgreSql/PostgreSqlSchemaLogLevel.cs	public	enum	PostgreSqlSchemaLogLevel
src/LiteBus.Storage.PostgreSql/PostgreSqlSchemaManager.cs	internal	class	PostgreSqlSchemaManager
src/LiteBus.Storage.PostgreSql/PostgreSqlSchemaOperationContext.cs	internal	class	PostgreSqlSchemaOperationContext
src/LiteBus.Storage.PostgreSql/PostgreSqlSchemaScriptRenderer.cs	internal	class	PostgreSqlSchemaScriptRenderer
src/LiteBus.Storage.PostgreSql/PostgreSqlSchemaSqlFile.cs	public	record	PostgreSqlSchemaSqlFile
src/LiteBus.Storage.PostgreSql/PostgreSqlSchemaSqlPaths.cs	public	class	PostgreSqlSchemaSqlPaths
src/LiteBus.Storage.PostgreSql/PostgreSqlSchemaSqlTokens.cs	internal	class	PostgreSqlSchemaSqlTokens
src/LiteBus.Storage.PostgreSql/PostgreSqlSchemaStoreOptions.cs	public	record	PostgreSqlSchemaStoreOptions
src/LiteBus.Storage.PostgreSql/PostgreSqlSchemaVersionStore.cs	internal	class	PostgreSqlSchemaVersionStore
src/LiteBus.Storage.PostgreSql/PostgreSqlSqlScriptLoader.cs	internal	class	PostgreSqlSqlScriptLoader
src/LiteBus.Storage.PostgreSql/PostgreSqlTableReference.cs	public	record	PostgreSqlTableReference
src/LiteBus.Storage.PostgreSql/TransactionalWriteMode.cs	public	enum	TransactionalWriteMode
src/LiteBus.Storage.PostgreSql/Exceptions/PostgreSqlStorageConfigurationException.cs	public	class	PostgreSqlStorageConfigurationException
src/LiteBus.Storage.PostgreSql/Exceptions/PostgreSqlStorageTimeoutException.cs	public	class	PostgreSqlStorageTimeoutException
src/LiteBus.Storage.PostgreSql/Stores/PostgreSqlBatchIdempotencyLookup.cs	internal	class	PostgreSqlBatchIdempotencyLookup
src/LiteBus.Storage.PostgreSql/Stores/PostgreSqlBatchIdempotencyLookup.cs	internal	struct	LookupKey
src/LiteBus.Storage.PostgreSql/Stores/PostgreSqlIdempotencyResolution.cs	internal	class	PostgreSqlIdempotencyResolution
src/LiteBus.Storage.PostgreSql/Stores/PostgreSqlParameterExtensions.cs	internal	class	PostgreSqlParameterExtensions
src/LiteBus.Storage.PostgreSql/Stores/PostgreSqlWorkSignal.cs	public	class	PostgreSqlWorkSignal
src/LiteBus.Testing/LiteBusTestBase.cs	public	class	LiteBusTestBase
src/LiteBus.Testing/ManualTimeProvider.cs	public	class	ManualTimeProvider
src/LiteBus.Testing.DurableMessaging/ChaosLeaseExpiryFixture.cs	public	class	ChaosLeaseExpiryFixture
src/LiteBus.Testing.DurableMessaging/InboxOutboxStoreServiceCollectionExtensions.cs	public	class	InboxOutboxStoreServiceCollectionExtensions
src/LiteBus.Testing.DurableMessaging/InboxOutboxTestHost.cs	public	class	InboxOutboxTestHost
src/LiteBus.Testing.DurableMessaging/ProcessorPassHelpers.cs	public	class	ProcessorPassHelpers
src/LiteBus.Testing.DurableMessaging/TestInboxStore.cs	public	class	TestInboxStore
src/LiteBus.Testing.DurableMessaging/TestOutboxStore.cs	public	class	TestOutboxStore
src/LiteBus.Testing.Hosting/LiteBusHostedServiceExtensions.cs	public	class	LiteBusHostedServiceExtensions
src/LiteBus.Testing.Mediation/TestCommandMediator.cs	public	class	TestCommandMediator
src/LiteBus.Testing.Mediation/TestEventMediator.cs	public	class	TestEventMediator
src/LiteBus.Testing.Mediation/TestQueryMediator.cs	public	class	TestQueryMediator
src/LiteBus.Testing.Transport/TestMessageTransport.cs	public	class	TestMessageTransport
src/LiteBus.Transport/ITransportCircuitBreaker.cs	public	interface	ITransportCircuitBreaker
src/LiteBus.Transport/ITransportCircuitBreakerRegistry.cs	public	interface	ITransportCircuitBreakerRegistry
src/LiteBus.Transport/LiteBusTransportTelemetry.cs	public	class	LiteBusTransportTelemetry
src/LiteBus.Transport/TransportActivityMetadata.cs	public	struct	TransportActivityMetadata
src/LiteBus.Transport/TransportBrokerIdentity.cs	public	class	TransportBrokerIdentity
src/LiteBus.Transport/TransportCircuitBreaker.cs	public	class	TransportCircuitBreaker
src/LiteBus.Transport/TransportCircuitBreakerOpenException.cs	public	class	TransportCircuitBreakerOpenException
src/LiteBus.Transport/TransportCircuitBreakerOptions.cs	public	record	TransportCircuitBreakerOptions
src/LiteBus.Transport/TransportCircuitBreakerPermit.cs	public	struct	TransportCircuitBreakerPermit
src/LiteBus.Transport/TransportCircuitBreakerRegistry.cs	public	class	TransportCircuitBreakerRegistry
src/LiteBus.Transport/TransportCircuitBreakerTelemetry.cs	internal	class	TransportCircuitBreakerTelemetry
src/LiteBus.Transport/TransportConsumerHandlerInvoker.cs	public	class	TransportConsumerHandlerInvoker
src/LiteBus.Transport/TransportEnvelopeHeaderMapper.cs	public	class	TransportEnvelopeHeaderMapper
src/LiteBus.Transport/TransportEnvelopeHeaderSource.cs	public	record	TransportEnvelopeHeaderSource
src/LiteBus.Transport/TransportMessagingSystems.cs	public	class	TransportMessagingSystems
src/LiteBus.Transport/TransportMetricsRegistration.cs	public	class	TransportMetricsRegistration
src/LiteBus.Transport/TransportObservableMetrics.cs	public	class	TransportObservableMetrics
src/LiteBus.Transport/TransportObservableMetricsInitializer.cs	public	class	TransportObservableMetricsInitializer
src/LiteBus.Transport/TransportReconnectOptions.cs	public	record	TransportReconnectOptions
src/LiteBus.Transport/TransportTracing.cs	public	class	TransportTracing
src/LiteBus.Transport.Abstractions/IMessageConsumer.cs	public	interface	IMessageConsumer
src/LiteBus.Transport.Abstractions/ITenantRoutingStrategy.cs	public	interface	ITenantRoutingStrategy
src/LiteBus.Transport.Abstractions/ITransportPublisher.cs	public	interface	ITransportPublisher
src/LiteBus.Transport.Abstractions/TransportConsumerAckHandlers.cs	public	record	TransportConsumerAckHandlers
src/LiteBus.Transport.Abstractions/TransportConsumerInvocationOutcome.cs	public	enum	TransportConsumerInvocationOutcome
src/LiteBus.Transport.Abstractions/TransportConsumerOptions.cs	public	record	TransportConsumerOptions
src/LiteBus.Transport.Abstractions/TransportHeaderMappingException.cs	public	class	TransportHeaderMappingException
src/LiteBus.Transport.Abstractions/TransportHeaderValues.cs	public	class	TransportHeaderValues
src/LiteBus.Transport.Abstractions/TransportHeaders.cs	public	class	TransportHeaders
src/LiteBus.Transport.Abstractions/TransportMessage.cs	public	class	TransportMessage
src/LiteBus.Transport.Abstractions/TransportPublishRequest.cs	public	class	TransportPublishRequest
src/LiteBus.Transport.Amqp/AmqpCircuitBreakerOptions.cs	public	record	AmqpCircuitBreakerOptions
src/LiteBus.Transport.Amqp/AmqpConnectionManager.cs	public	class	AmqpConnectionManager
src/LiteBus.Transport.Amqp/AmqpConnectionOptions.cs	public	class	AmqpConnectionOptions
src/LiteBus.Transport.Amqp/AmqpConnectivityDiagnosticCheck.cs	public	class	AmqpConnectivityDiagnosticCheck
src/LiteBus.Transport.Amqp/AmqpConsumer.cs	public	class	AmqpConsumer
src/LiteBus.Transport.Amqp/AmqpConsumerAckPolicy.cs	internal	class	AmqpConsumerAckPolicy
src/LiteBus.Transport.Amqp/AmqpConsumerOptions.cs	public	record	AmqpConsumerOptions
src/LiteBus.Transport.Amqp/AmqpHeaderValues.cs	public	class	AmqpHeaderValues
src/LiteBus.Transport.Amqp/AmqpPublishRequest.cs	public	class	AmqpPublishRequest
src/LiteBus.Transport.Amqp/AmqpPublisher.cs	public	class	AmqpPublisher
src/LiteBus.Transport.Amqp/AmqpReceivedMessage.cs	public	class	AmqpReceivedMessage
src/LiteBus.Transport.Amqp/AmqpTransportModule.cs	public	class	AmqpTransportModule
src/LiteBus.Transport.Amqp/IAmqpConnectionManager.cs	public	interface	IAmqpConnectionManager
src/LiteBus.Transport.Amqp/IAmqpConsumer.cs	public	interface	IAmqpConsumer
src/LiteBus.Transport.Amqp/IAmqpPublisher.cs	public	interface	IAmqpPublisher
src/LiteBus.Transport.Amqp/LiteBusBuilderAmqpTransportExtensions.cs	public	class	LiteBusBuilderAmqpTransportExtensions
src/LiteBus.Transport.Amqp/Exceptions/AmqpTransportConfigurationException.cs	public	class	AmqpTransportConfigurationException
src/LiteBus.Transport.Amqp.Extensions.OpenTelemetry/LiteBusTransportAmqpOpenTelemetryExtensions.cs	public	class	LiteBusTransportAmqpOpenTelemetryExtensions
src/LiteBus.Transport.AwsSqs/AwsSqsConnectivityDiagnosticCheck.cs	public	class	AwsSqsConnectivityDiagnosticCheck
src/LiteBus.Transport.AwsSqs/AwsSqsTransportModule.cs	public	class	AwsSqsTransportModule
src/LiteBus.Transport.AwsSqs/AwsSqsTransportOptions.cs	public	record	AwsSqsTransportOptions
src/LiteBus.Transport.AwsSqs/LiteBusBuilderAwsSqsTransportExtensions.cs	public	class	LiteBusBuilderAwsSqsTransportExtensions
src/LiteBus.Transport.AwsSqs/LiteBusTransportAwsTelemetry.cs	public	class	LiteBusTransportAwsTelemetry
src/LiteBus.Transport.AwsSqs/SqsConsumer.cs	public	class	SqsConsumer
src/LiteBus.Transport.AwsSqs/SqsMessageMapper.cs	internal	class	SqsMessageMapper
src/LiteBus.Transport.AwsSqs/SqsPublisher.cs	public	class	SqsPublisher
src/LiteBus.Transport.AwsSqs/SqsRequeueBackoff.cs	internal	class	SqsRequeueBackoff
src/LiteBus.Transport.AzureServiceBus/AzureServiceBusConnectivityDiagnosticCheck.cs	public	class	AzureServiceBusConnectivityDiagnosticCheck
src/LiteBus.Transport.AzureServiceBus/AzureServiceBusConsumer.cs	public	class	AzureServiceBusConsumer
src/LiteBus.Transport.AzureServiceBus/AzureServiceBusDiagnosticTarget.cs	public	record	AzureServiceBusDiagnosticTarget
src/LiteBus.Transport.AzureServiceBus/AzureServiceBusMessageMapper.cs	internal	class	AzureServiceBusMessageMapper
src/LiteBus.Transport.AzureServiceBus/AzureServiceBusPublisher.cs	public	class	AzureServiceBusPublisher
src/LiteBus.Transport.AzureServiceBus/AzureServiceBusQueueDiagnosticTarget.cs	public	record	AzureServiceBusQueueDiagnosticTarget
src/LiteBus.Transport.AzureServiceBus/AzureServiceBusSubscriptionDiagnosticTarget.cs	public	record	AzureServiceBusSubscriptionDiagnosticTarget
src/LiteBus.Transport.AzureServiceBus/AzureServiceBusTransportModule.cs	public	class	AzureServiceBusTransportModule
src/LiteBus.Transport.AzureServiceBus/AzureServiceBusTransportOptions.cs	public	record	AzureServiceBusTransportOptions
src/LiteBus.Transport.AzureServiceBus/LiteBusBuilderAzureServiceBusTransportExtensions.cs	public	class	LiteBusBuilderAzureServiceBusTransportExtensions
src/LiteBus.Transport.AzureServiceBus/LiteBusTransportAzureServiceBusTelemetry.cs	public	class	LiteBusTransportAzureServiceBusTelemetry
src/LiteBus.Transport.Extensions.OpenTelemetry/LiteBusTransportOpenTelemetryExtensions.cs	public	class	LiteBusTransportOpenTelemetryExtensions
src/LiteBus.Transport.InMemory/InMemoryConsumer.cs	public	class	InMemoryConsumer
src/LiteBus.Transport.InMemory/InMemoryDeliverySettlement.cs	internal	class	InMemoryDeliverySettlement
src/LiteBus.Transport.InMemory/InMemoryDestinationEndpoint.cs	internal	class	InMemoryDestinationEndpoint
src/LiteBus.Transport.InMemory/InMemoryPendingDelivery.cs	internal	class	InMemoryPendingDelivery
src/LiteBus.Transport.InMemory/InMemoryPublisher.cs	public	class	InMemoryPublisher
src/LiteBus.Transport.InMemory/InMemoryTransportBroker.cs	public	class	InMemoryTransportBroker
src/LiteBus.Transport.InMemory/InMemoryTransportModule.cs	public	class	InMemoryTransportModule
src/LiteBus.Transport.InMemory/InMemoryTransportOptions.cs	public	record	InMemoryTransportOptions
src/LiteBus.Transport.InMemory/LiteBusBuilderInMemoryTransportExtensions.cs	public	class	LiteBusBuilderInMemoryTransportExtensions
src/LiteBus.Transport.InMemory/LiteBusInMemoryTelemetry.cs	public	class	LiteBusInMemoryTelemetry
src/LiteBus.Transport.Kafka/KafkaConnectivityDiagnosticCheck.cs	public	class	KafkaConnectivityDiagnosticCheck
src/LiteBus.Transport.Kafka/KafkaConsumer.cs	public	class	KafkaConsumer
src/LiteBus.Transport.Kafka/KafkaMessageMapper.cs	internal	class	KafkaMessageMapper
src/LiteBus.Transport.Kafka/KafkaPublisher.cs	public	class	KafkaPublisher
src/LiteBus.Transport.Kafka/KafkaSeekBackoff.cs	internal	class	KafkaSeekBackoff
src/LiteBus.Transport.Kafka/KafkaTransportModule.cs	public	class	KafkaTransportModule
src/LiteBus.Transport.Kafka/KafkaTransportOptions.cs	public	record	KafkaTransportOptions
src/LiteBus.Transport.Kafka/LiteBusBuilderKafkaTransportExtensions.cs	public	class	LiteBusBuilderKafkaTransportExtensions
src/LiteBus.Transport.Kafka/LiteBusTransportKafkaTelemetry.cs	public	class	LiteBusTransportKafkaTelemetry
